frame,track,x1,y1,x2,y2,cx,cy,height,score,ema,level
2,1,504,81,577,233,540.5,157.0,152.0,0.000,0.000,GREEN
2,2,451,53,522,222,486.5,137.5,169.0,0.000,0.000,GREEN
3,2,451,53,521,220,486.0,136.5,167.0,0.000,0.000,GREEN
3,1,505,82,576,234,540.5,158.0,152.0,0.000,0.000,GREEN
4,2,450,52,520,220,485.0,136.0,168.0,0.000,0.000,GREEN
4,1,509,81,575,235,542.0,158.0,154.0,0.000,0.000,GREEN
5,2,450,52,519,220,484.5,136.0,168.0,0.000,0.000,GREEN
5,1,504,82,574,239,539.0,160.5,157.0,0.000,0.000,GREEN
6,2,451,51,521,222,486.0,136.5,171.0,0.000,0.000,GREEN
6,1,504,82,573,246,538.5,164.0,164.0,0.000,0.000,GREEN
7,2,451,51,521,222,486.0,136.5,171.0,0.000,0.000,GREEN
7,1,504,82,573,246,538.5,164.0,164.0,0.000,0.000,GREEN
8,1,501,81,572,248,536.5,164.5,167.0,0.000,0.000,GREEN
8,2,446,52,520,220,483.0,136.0,168.0,0.000,0.000,GREEN
9,2,445,52,520,219,482.5,135.5,167.0,0.000,0.000,GREEN
9,1,495,83,571,251,533.0,167.0,168.0,0.000,0.000,GREEN
10,1,496,82,570,257,533.0,169.5,175.0,0.000,0.000,GREEN
10,2,448,53,519,216,483.5,134.5,163.0,0.000,0.000,GREEN
11,2,449,53,520,220,484.5,136.5,167.0,0.000,0.000,GREEN
11,1,496,82,568,262,532.0,172.0,180.0,0.850,0.340,YELLOW
12,2,449,53,520,220,484.5,136.5,167.0,0.000,0.000,GREEN
12,1,496,82,568,262,532.0,172.0,180.0,0.850,0.544,YELLOW
13,2,452,53,520,219,486.0,136.0,166.0,0.000,0.000,GREEN
13,1,495,82,567,268,531.0,175.0,186.0,0.850,0.666,YELLOW
14,1,498,81,565,272,531.5,176.5,191.0,0.850,0.740,YELLOW
14,2,455,53,523,214,489.0,133.5,161.0,0.000,0.000,GREEN
15,2,454,53,522,211,488.0,132.0,158.0,0.000,0.000,GREEN
15,1,498,82,565,276,531.5,179.0,194.0,0.850,0.784,YELLOW
16,1,496,84,566,277,531.0,180.5,193.0,0.850,0.810,RED
16,2,460,55,521,207,490.5,131.0,152.0,0.000,0.000,GREEN
17,1,496,83,566,277,531.0,180.0,194.0,0.850,0.826,RED
17,2,460,55,521,207,490.5,131.0,152.0,0.000,0.000,GREEN
18,2,459,55,522,209,490.5,132.0,154.0,0.000,0.000,GREEN
18,1,491,84,564,281,527.5,182.5,197.0,0.850,0.836,RED
19,2,460,53,524,210,492.0,131.5,157.0,0.000,0.000,GREEN
19,1,484,88,563,282,523.5,185.0,194.0,0.850,0.841,RED
20,1,477,90,559,284,518.0,187.0,194.0,0.000,0.505,RED
21,1,473,89,559,283,516.0,186.0,194.0,0.000,0.303,YELLOW
22,1,473,90,559,283,516.0,186.5,193.0,0.000,0.182,GREEN
23,1,475,89,557,283,516.0,186.0,194.0,0.000,0.109,GREEN
24,1,475,90,557,282,516.0,186.0,192.0,0.000,0.065,GREEN
25,1,473,92,556,283,514.5,187.5,191.0,0.000,0.039,GREEN
26,1,474,91,554,283,514.0,187.0,192.0,0.000,0.024,GREEN
26,2,467,51,518,151,492.5,101.0,100.0,0.000,0.000,GREEN
27,2,467,51,518,151,492.5,101.0,100.0,0.000,0.000,GREEN
27,1,474,92,555,283,514.5,187.5,191.0,0.000,0.014,GREEN
28,2,467,51,518,154,492.5,102.5,103.0,0.000,0.000,GREEN
28,1,474,94,552,283,513.0,188.5,189.0,0.000,0.008,GREEN
29,1,474,94,549,283,511.5,188.5,189.0,0.000,0.005,GREEN
30,1,474,94,548,283,511.0,188.5,189.0,0.850,0.343,YELLOW
31,1,473,96,546,282,509.5,189.0,186.0,0.850,0.546,YELLOW
31,2,469,50,545,155,507.0,102.5,105.0,0.000,0.000,GREEN
32,2,469,50,545,155,507.0,102.5,105.0,0.000,0.000,GREEN
32,1,473,96,546,282,509.5,189.0,186.0,0.850,0.667,YELLOW
33,2,469,51,546,159,507.5,105.0,108.0,0.000,0.000,GREEN
33,1,472,98,544,282,508.0,190.0,184.0,0.850,0.740,YELLOW
34,1,471,97,544,282,507.5,189.5,185.0,0.850,0.784,YELLOW
35,1,470,98,544,282,507.0,190.0,184.0,0.850,0.811,RED
36,1,471,99,542,283,506.5,191.0,184.0,0.850,0.826,RED
36,2,471,51,546,156,508.5,103.5,105.0,0.000,0.000,GREEN
37,2,471,50,545,156,508.0,103.0,106.0,0.000,0.000,GREEN
37,1,472,99,541,281,506.5,190.0,182.0,0.850,0.836,RED
38,2,472,50,545,159,508.5,104.5,109.0,0.000,0.000,GREEN
38,1,469,99,540,282,504.5,190.5,183.0,0.850,0.841,RED
39,1,468,99,539,282,503.5,190.5,183.0,0.850,0.845,RED
39,2,472,50,546,155,509.0,102.5,105.0,0.000,0.000,GREEN
40,2,472,50,546,156,509.0,103.0,106.0,0.000,0.000,GREEN
40,1,467,99,538,282,502.5,190.5,183.0,0.850,0.847,RED
41,2,472,50,546,156,509.0,103.0,106.0,0.000,0.000,GREEN
41,1,470,102,537,281,503.5,191.5,179.0,0.850,0.848,RED
42,1,469,102,537,281,503.0,191.5,179.0,0.850,0.849,RED
42,2,472,50,547,157,509.5,103.5,107.0,0.000,0.000,GREEN
43,2,471,50,546,156,508.5,103.0,106.0,0.000,0.000,GREEN
43,1,470,104,536,282,503.0,193.0,178.0,0.850,0.849,RED
44,2,471,50,546,152,508.5,101.0,102.0,0.000,0.000,GREEN
44,1,467,102,536,281,501.5,191.5,179.0,0.850,0.850,RED
45,2,470,49,547,153,508.5,101.0,104.0,0.000,0.000,GREEN
45,1,463,101,534,282,498.5,191.5,181.0,0.850,0.850,RED
46,2,470,50,547,157,508.5,103.5,107.0,0.000,0.000,GREEN
46,1,460,101,534,281,497.0,191.0,180.0,0.850,0.850,RED
47,2,470,50,547,157,508.5,103.5,107.0,0.000,0.000,GREEN
47,1,461,102,533,280,497.0,191.0,178.0,0.850,0.850,RED
48,2,470,49,546,158,508.0,103.5,109.0,0.000,0.000,GREEN
48,1,459,102,532,282,495.5,192.0,180.0,0.850,0.850,RED
49,2,471,49,545,154,508.0,101.5,105.0,0.000,0.000,GREEN
49,1,449,102,532,281,490.5,191.5,179.0,0.000,0.510,RED
50,2,471,49,546,151,508.5,100.0,102.0,0.000,0.000,GREEN
50,1,441,100,531,280,486.0,190.0,180.0,0.000,0.306,YELLOW
51,2,471,48,546,150,508.5,99.0,102.0,0.000,0.000,GREEN
51,1,434,100,531,279,482.5,189.5,179.0,0.000,0.184,GREEN
52,1,434,100,530,279,482.0,189.5,179.0,0.000,0.110,GREEN
52,2,471,48,546,150,508.5,99.0,102.0,0.000,0.000,GREEN
53,2,471,47,545,149,508.0,98.0,102.0,0.000,0.000,GREEN
53,1,432,101,529,279,480.5,190.0,178.0,0.000,0.066,GREEN
54,2,471,48,544,148,507.5,98.0,100.0,0.000,0.000,GREEN
54,1,429,99,529,280,479.0,189.5,181.0,0.000,0.040,GREEN
55,1,429,98,528,281,478.5,189.5,183.0,0.000,0.024,GREEN
55,2,471,47,540,147,505.5,97.0,100.0,0.000,0.000,GREEN
56,1,428,97,527,282,477.5,189.5,185.0,0.000,0.014,GREEN
56,2,471,46,541,147,506.0,96.5,101.0,0.000,0.000,GREEN
57,1,428,97,527,282,477.5,189.5,185.0,0.000,0.009,GREEN
57,2,471,46,539,145,505.0,95.5,99.0,0.000,0.000,GREEN
58,1,429,97,526,281,477.5,189.0,184.0,0.000,0.005,GREEN
58,2,471,46,538,146,504.5,96.0,100.0,0.000,0.000,GREEN
59,1,430,95,525,281,477.5,188.0,186.0,0.000,0.003,GREEN
59,2,471,45,536,144,503.5,94.5,99.0,0.000,0.000,GREEN
60,1,429,94,524,281,476.5,187.5,187.0,0.000,0.002,GREEN
60,2,471,45,534,143,502.5,94.0,98.0,0.000,0.000,GREEN
61,1,429,94,522,280,475.5,187.0,186.0,0.000,0.001,GREEN
61,2,471,44,535,147,503.0,95.5,103.0,0.000,0.000,GREEN
62,1,429,94,522,280,475.5,187.0,186.0,0.000,0.001,GREEN
62,2,471,44,536,146,503.5,95.0,102.0,0.000,0.000,GREEN
63,1,430,94,522,281,476.0,187.5,187.0,0.000,0.000,GREEN
63,2,472,44,537,142,504.5,93.0,98.0,0.000,0.000,GREEN
64,1,429,93,522,280,475.5,186.5,187.0,0.000,0.000,GREEN
64,2,471,42,538,149,504.5,95.5,107.0,0.000,0.000,GREEN
65,1,430,91,521,281,475.5,186.0,190.0,0.000,0.000,GREEN
65,2,471,42,538,144,504.5,93.0,102.0,0.000,0.000,GREEN
66,1,432,90,521,281,476.5,185.5,191.0,0.000,0.000,GREEN
66,2,471,41,537,149,504.0,95.0,108.0,0.000,0.000,GREEN
67,2,471,41,537,149,504.0,95.0,108.0,0.000,0.000,GREEN
67,1,429,89,521,281,475.0,185.0,192.0,0.000,0.000,GREEN
68,1,427,89,520,281,473.5,185.0,192.0,0.000,0.000,GREEN
68,2,471,41,533,145,502.0,93.0,104.0,0.000,0.000,GREEN
69,1,429,89,520,282,474.5,185.5,193.0,0.000,0.000,GREEN
69,2,471,40,534,148,502.5,94.0,108.0,0.000,0.000,GREEN
70,1,429,89,519,282,474.0,185.5,193.0,0.000,0.000,GREEN
70,2,471,39,533,150,502.0,94.5,111.0,0.000,0.000,GREEN
71,1,427,89,520,282,473.5,185.5,193.0,0.000,0.000,GREEN
71,2,471,39,530,151,500.5,95.0,112.0,0.000,0.000,GREEN
72,2,471,39,531,151,501.0,95.0,112.0,0.000,0.000,GREEN
72,1,426,89,520,282,473.0,185.5,193.0,0.000,0.000,GREEN
73,1,427,88,520,282,473.5,185.0,194.0,0.000,0.000,GREEN
73,2,471,38,528,151,499.5,94.5,113.0,0.000,0.000,GREEN
74,1,431,88,519,281,475.0,184.5,193.0,0.000,0.000,GREEN
74,2,471,37,527,155,499.0,96.0,118.0,0.000,0.000,GREEN
75,1,432,88,518,280,475.0,184.0,192.0,0.000,0.000,GREEN
75,2,471,37,526,155,498.5,96.0,118.0,0.000,0.000,GREEN
76,1,430,88,518,280,474.0,184.0,192.0,0.000,0.000,GREEN
76,2,471,37,524,154,497.5,95.5,117.0,0.000,0.000,GREEN
77,1,430,88,518,280,474.0,184.0,192.0,0.000,0.000,GREEN
77,2,471,37,524,154,497.5,95.5,117.0,0.000,0.000,GREEN
78,2,470,37,524,154,497.0,95.5,117.0,0.000,0.000,GREEN
78,1,425,88,519,281,472.0,184.5,193.0,0.000,0.000,GREEN
79,1,425,88,519,281,472.0,184.5,193.0,0.000,0.000,GREEN
79,2,470,36,524,153,497.0,94.5,117.0,0.000,0.000,GREEN
80,1,425,88,519,280,472.0,184.0,192.0,0.000,0.000,GREEN
80,2,470,36,524,152,497.0,94.0,116.0,0.000,0.000,GREEN
81,1,425,87,519,281,472.0,184.0,194.0,0.000,0.000,GREEN
81,2,470,36,524,142,497.0,89.0,106.0,0.000,0.000,GREEN
82,1,425,87,519,281,472.0,184.0,194.0,0.000,0.000,GREEN
82,2,470,37,524,142,497.0,89.5,105.0,0.000,0.000,GREEN
83,1,425,87,519,281,472.0,184.0,194.0,0.000,0.000,GREEN
83,2,471,36,524,135,497.5,85.5,99.0,0.000,0.000,GREEN
84,2,471,36,524,136,497.5,86.0,100.0,0.000,0.000,GREEN
84,1,426,86,519,280,472.5,183.0,194.0,0.000,0.000,GREEN
85,1,425,86,519,280,472.0,183.0,194.0,0.000,0.000,GREEN
85,2,471,36,524,137,497.5,86.5,101.0,0.000,0.000,GREEN
86,1,425,87,519,282,472.0,184.5,195.0,0.000,0.000,GREEN
86,2,470,37,524,132,497.0,84.5,95.0,0.000,0.000,GREEN
87,2,470,37,524,132,497.0,84.5,95.0,0.000,0.000,GREEN
87,1,425,87,519,282,472.0,184.5,195.0,0.000,0.000,GREEN
88,1,425,87,519,285,472.0,186.0,198.0,0.000,0.000,GREEN
88,2,470,36,524,136,497.0,86.0,100.0,0.000,0.000,GREEN
89,1,425,87,519,286,472.0,186.5,199.0,0.000,0.000,GREEN
89,2,470,36,524,133,497.0,84.5,97.0,0.000,0.000,GREEN
90,1,424,87,519,287,471.5,187.0,200.0,0.000,0.000,GREEN
90,2,470,35,524,136,497.0,85.5,101.0,0.000,0.000,GREEN
91,1,425,87,518,288,471.5,187.5,201.0,0.000,0.000,GREEN
91,2,470,35,524,139,497.0,87.0,104.0,0.000,0.000,GREEN
92,1,424,87,518,288,471.0,187.5,201.0,0.000,0.000,GREEN
92,2,470,35,525,139,497.5,87.0,104.0,0.000,0.000,GREEN
93,1,425,88,518,289,471.5,188.5,201.0,0.000,0.000,GREEN
93,2,470,34,525,135,497.5,84.5,101.0,0.000,0.000,GREEN
94,1,424,87,518,292,471.0,189.5,205.0,0.000,0.000,GREEN
94,2,470,35,525,137,497.5,86.0,102.0,0.000,0.000,GREEN
95,1,425,88,518,294,471.5,191.0,206.0,0.000,0.000,GREEN
95,2,470,34,525,138,497.5,86.0,104.0,0.000,0.000,GREEN
96,2,470,34,525,139,497.5,86.5,105.0,0.000,0.000,GREEN
96,1,425,88,518,296,471.5,192.0,208.0,0.000,0.000,GREEN
97,2,470,34,525,139,497.5,86.5,105.0,0.000,0.000,GREEN
97,1,424,87,518,296,471.0,191.5,209.0,0.000,0.000,GREEN
98,1,425,87,518,297,471.5,192.0,210.0,0.000,0.000,GREEN
98,2,470,34,525,140,497.5,87.0,106.0,0.000,0.000,GREEN
99,1,424,87,519,297,471.5,192.0,210.0,0.000,0.000,GREEN
99,2,470,35,525,137,497.5,86.0,102.0,0.000,0.000,GREEN
100,1,424,87,519,297,471.5,192.0,210.0,0.000,0.000,GREEN
100,2,470,35,525,137,497.5,86.0,102.0,0.000,0.000,GREEN
101,2,470,35,525,136,497.5,85.5,101.0,0.000,0.000,GREEN
101,1,425,89,520,295,472.5,192.0,206.0,0.000,0.000,GREEN
102,1,425,89,520,295,472.5,192.0,206.0,0.000,0.000,GREEN
102,2,470,35,526,136,498.0,85.5,101.0,0.000,0.000,GREEN
103,1,425,89,520,296,472.5,192.5,207.0,0.000,0.000,GREEN
103,2,470,35,526,137,498.0,86.0,102.0,0.000,0.000,GREEN
104,1,425,89,519,295,472.0,192.0,206.0,0.000,0.000,GREEN
104,2,470,35,526,136,498.0,85.5,101.0,0.000,0.000,GREEN
105,2,470,35,526,136,498.0,85.5,101.0,0.000,0.000,GREEN
105,1,425,90,520,295,472.5,192.5,205.0,0.000,0.000,GREEN
106,1,425,91,521,294,473.0,192.5,203.0,0.000,0.000,GREEN
106,2,470,34,526,135,498.0,84.5,101.0,0.000,0.000,GREEN
107,1,425,91,521,294,473.0,192.5,203.0,0.000,0.000,GREEN
107,2,470,34,526,135,498.0,84.5,101.0,0.000,0.000,GREEN
108,1,426,92,520,295,473.0,193.5,203.0,0.000,0.000,GREEN
108,2,470,34,526,137,498.0,85.5,103.0,0.000,0.000,GREEN
109,1,426,92,521,295,473.5,193.5,203.0,0.000,0.000,GREEN
109,2,470,34,527,135,498.5,84.5,101.0,0.000,0.000,GREEN
110,2,470,34,527,134,498.5,84.0,100.0,0.000,0.000,GREEN
110,1,426,93,523,296,474.5,194.5,203.0,0.000,0.000,GREEN
111,2,469,34,527,134,498.0,84.0,100.0,0.000,0.000,GREEN
111,1,426,93,524,296,475.0,194.5,203.0,0.000,0.000,GREEN
112,1,426,93,525,296,475.5,194.5,203.0,0.000,0.000,GREEN
112,2,469,34,526,134,497.5,84.0,100.0,0.000,0.000,GREEN
113,1,426,94,525,297,475.5,195.5,203.0,0.000,0.000,GREEN
113,2,468,34,528,132,498.0,83.0,98.0,0.000,0.000,GREEN
114,2,469,34,528,131,498.5,82.5,97.0,0.000,0.000,GREEN
114,1,427,96,526,294,476.5,195.0,198.0,0.000,0.000,GREEN
115,1,428,96,527,295,477.5,195.5,199.0,0.000,0.000,GREEN
115,2,464,34,527,132,495.5,83.0,98.0,0.000,0.000,GREEN
116,1,428,98,527,298,477.5,198.0,200.0,0.000,0.000,GREEN
116,2,445,35,527,140,486.0,87.5,105.0,0.000,0.000,GREEN
117,1,428,98,527,298,477.5,198.0,200.0,0.000,0.000,GREEN
117,2,446,35,527,141,486.5,88.0,106.0,0.000,0.000,GREEN
118,1,428,96,529,296,478.5,196.0,200.0,0.000,0.000,GREEN
118,2,443,34,528,144,485.5,89.0,110.0,0.000,0.000,GREEN
119,1,428,98,530,297,479.0,197.5,199.0,0.000,0.000,GREEN
119,2,444,34,528,140,486.0,87.0,106.0,0.000,0.000,GREEN
120,1,430,98,529,298,479.5,198.0,200.0,0.000,0.000,GREEN
120,2,469,34,528,136,498.5,85.0,102.0,0.000,0.000,GREEN
121,1,432,100,530,298,481.0,199.0,198.0,0.000,0.000,GREEN
121,2,443,34,528,147,485.5,90.5,113.0,0.000,0.000,GREEN
122,2,444,34,528,147,486.0,90.5,113.0,0.000,0.000,GREEN
122,1,432,100,530,298,481.0,199.0,198.0,0.000,0.000,GREEN
123,1,429,100,531,299,480.0,199.5,199.0,0.000,0.000,GREEN
123,2,445,33,529,144,487.0,88.5,111.0,0.000,0.000,GREEN
124,1,430,99,532,299,481.0,199.0,200.0,0.000,0.000,GREEN
124,2,444,33,530,147,487.0,90.0,114.0,0.000,0.000,GREEN
125,2,443,33,530,147,486.5,90.0,114.0,0.000,0.000,GREEN
125,1,433,100,533,299,483.0,199.5,199.0,0.000,0.000,GREEN
126,1,458,109,533,298,495.5,203.5,189.0,0.000,0.000,GREEN
126,2,441,33,530,197,485.5,115.0,164.0,0.000,0.000,GREEN
127,2,441,33,530,197,485.5,115.0,164.0,0.000,0.000,GREEN
127,1,456,109,533,298,494.5,203.5,189.0,0.000,0.000,GREEN
128,2,442,33,529,155,485.5,94.0,122.0,0.000,0.000,GREEN
128,1,431,102,534,297,482.5,199.5,195.0,0.000,0.000,GREEN
129,1,428,101,536,297,482.0,199.0,196.0,0.000,0.000,GREEN
129,2,438,33,529,158,483.5,95.5,125.0,0.000,0.000,GREEN
130,1,428,101,537,297,482.5,199.0,196.0,0.000,0.000,GREEN
130,2,440,33,529,156,484.5,94.5,123.0,0.000,0.000,GREEN
131,2,439,33,529,154,484.0,93.5,121.0,0.000,0.000,GREEN
131,1,428,103,538,297,483.0,200.0,194.0,0.000,0.000,GREEN
132,1,428,103,538,297,483.0,200.0,194.0,0.000,0.000,GREEN
132,2,439,33,529,155,484.0,94.0,122.0,0.000,0.000,GREEN
133,1,428,105,539,298,483.5,201.5,193.0,0.000,0.000,GREEN
133,2,438,33,529,160,483.5,96.5,127.0,0.000,0.000,GREEN
134,1,427,106,540,297,483.5,201.5,191.0,0.000,0.000,GREEN
134,2,473,32,532,131,502.5,81.5,99.0,0.000,0.000,GREEN
135,1,428,105,542,298,485.0,201.5,193.0,0.000,0.000,GREEN
135,2,474,33,532,128,503.0,80.5,95.0,0.000,0.000,GREEN
136,1,426,102,543,298,484.5,200.0,196.0,0.000,0.000,GREEN
136,2,440,32,530,157,485.0,94.5,125.0,0.000,0.000,GREEN
137,1,426,102,543,298,484.5,200.0,196.0,0.000,0.000,GREEN
137,2,440,32,530,157,485.0,94.5,125.0,0.000,0.000,GREEN
138,1,427,104,544,297,485.5,200.5,193.0,0.000,0.000,GREEN
138,2,442,33,533,158,487.5,95.5,125.0,0.000,0.000,GREEN
139,1,426,106,547,294,486.5,200.0,188.0,0.000,0.000,GREEN
139,2,446,32,532,156,489.0,94.0,124.0,0.000,0.000,GREEN
140,1,426,108,548,295,487.0,201.5,187.0,0.000,0.000,GREEN
140,2,443,33,533,161,488.0,97.0,128.0,0.000,0.000,GREEN
141,1,425,109,549,295,487.0,202.0,186.0,0.000,0.000,GREEN
141,2,451,33,528,158,489.5,95.5,125.0,0.000,0.000,GREEN
142,1,425,109,549,295,487.0,202.0,186.0,0.000,0.000,GREEN
142,2,451,33,529,158,490.0,95.5,125.0,0.000,0.000,GREEN
143,1,425,109,551,296,488.0,202.5,187.0,0.000,0.000,GREEN
143,2,457,34,531,161,494.0,97.5,127.0,0.000,0.000,GREEN
144,1,425,111,552,296,488.5,203.5,185.0,0.000,0.000,GREEN
145,1,428,113,552,295,490.0,204.0,182.0,0.000,0.000,GREEN
146,1,438,115,553,297,495.5,206.0,182.0,0.000,0.000,GREEN
147,1,438,115,553,297,495.5,206.0,182.0,0.000,0.000,GREEN
148,1,438,116,553,297,495.5,206.5,181.0,0.000,0.000,GREEN
149,1,429,117,554,297,491.5,207.0,180.0,0.000,0.000,GREEN
150,1,428,118,555,296,491.5,207.0,178.0,0.000,0.000,GREEN
151,1,425,118,555,295,490.0,206.5,177.0,0.000,0.000,GREEN
152,1,425,118,555,296,490.0,207.0,178.0,0.000,0.000,GREEN
153,1,427,119,556,296,491.5,207.5,177.0,0.000,0.000,GREEN
154,1,425,119,556,296,490.5,207.5,177.0,0.000,0.000,GREEN
155,1,427,119,556,294,491.5,206.5,175.0,0.000,0.000,GREEN
156,1,427,119,556,295,491.5,207.0,176.0,0.000,0.000,GREEN
157,1,427,119,556,295,491.5,207.0,176.0,0.000,0.000,GREEN
158,1,429,120,556,296,492.5,208.0,176.0,0.000,0.000,GREEN
158,2,440,32,528,229,484.0,130.5,197.0,0.000,0.000,GREEN
159,1,430,122,557,297,493.5,209.5,175.0,0.000,0.000,GREEN
159,2,442,32,529,230,485.5,131.0,198.0,0.000,0.000,GREEN
160,2,442,32,528,233,485.0,132.5,201.0,0.000,0.000,GREEN
160,1,432,123,557,299,494.5,211.0,176.0,0.000,0.000,GREEN
161,1,432,123,557,303,494.5,213.0,180.0,0.000,0.000,GREEN
162,1,433,123,557,303,495.0,213.0,180.0,0.000,0.000,GREEN
163,1,438,125,557,305,497.5,215.0,180.0,0.000,0.000,GREEN
163,2,409,132,461,309,435.0,220.5,177.0,0.000,0.000,GREEN
164,1,437,125,557,311,497.0,218.0,186.0,0.000,0.000,GREEN
164,2,409,131,463,309,436.0,220.0,178.0,0.000,0.000,GREEN
165,1,443,126,557,316,500.0,221.0,190.0,0.000,0.000,GREEN
165,2,444,32,529,236,486.5,134.0,204.0,0.000,0.000,GREEN
166,1,444,126,556,312,500.0,219.0,186.0,0.000,0.000,GREEN
166,2,446,32,530,227,488.0,129.5,195.0,0.000,0.000,GREEN
167,1,443,126,556,312,499.5,219.0,186.0,0.000,0.000,GREEN
167,2,446,32,531,226,488.5,129.0,194.0,0.000,0.000,GREEN
168,1,438,127,556,310,497.0,218.5,183.0,0.000,0.000,GREEN
168,2,440,32,530,222,485.0,127.0,190.0,0.000,0.000,GREEN
169,2,445,31,529,221,487.0,126.0,190.0,0.000,0.000,GREEN
169,1,444,129,556,304,500.0,216.5,175.0,0.000,0.000,GREEN
170,2,450,32,531,219,490.5,125.5,187.0,0.000,0.000,GREEN
170,1,469,130,556,309,512.5,219.5,179.0,0.000,0.000,GREEN
171,2,450,32,531,214,490.5,123.0,182.0,0.000,0.000,GREEN
171,1,472,131,555,297,513.5,214.0,166.0,0.000,0.000,GREEN
172,2,450,32,531,214,490.5,123.0,182.0,0.000,0.000,GREEN
172,1,472,131,555,298,513.5,214.5,167.0,0.000,0.000,GREEN
173,2,451,32,530,214,490.5,123.0,182.0,0.000,0.000,GREEN
173,1,474,132,554,291,514.0,211.5,159.0,0.000,0.000,GREEN
174,2,450,32,530,212,490.0,122.0,180.0,0.000,0.000,GREEN
174,1,473,134,553,288,513.0,211.0,154.0,0.000,0.000,GREEN
175,2,450,32,529,217,489.5,124.5,185.0,0.000,0.000,GREEN
175,1,468,135,553,290,510.5,212.5,155.0,0.000,0.000,GREEN
176,1,465,135,552,291,508.5,213.0,156.0,0.000,0.000,GREEN
176,2,449,32,529,225,489.0,128.5,193.0,0.000,0.000,GREEN
177,1,466,135,552,291,509.0,213.0,156.0,0.000,0.000,GREEN
177,2,449,32,528,224,488.5,128.0,192.0,0.000,0.000,GREEN
178,1,465,135,552,294,508.5,214.5,159.0,0.000,0.000,GREEN
178,2,451,34,525,231,488.0,132.5,197.0,0.000,0.000,GREEN
179,2,451,34,525,230,488.0,132.0,196.0,0.000,0.000,GREEN
179,1,461,135,552,309,506.5,222.0,174.0,0.000,0.000,GREEN
180,1,462,137,551,308,506.5,222.5,171.0,0.000,0.000,GREEN
180,2,452,33,528,230,490.0,131.5,197.0,0.000,0.000,GREEN
181,1,453,137,550,317,501.5,227.0,180.0,0.000,0.000,GREEN
181,2,454,33,526,147,490.0,90.0,114.0,0.000,0.000,GREEN
182,1,453,137,550,318,501.5,227.5,181.0,0.000,0.000,GREEN
182,2,454,33,528,147,491.0,90.0,114.0,0.000,0.000,GREEN
183,2,454,33,526,145,490.0,89.0,112.0,0.000,0.000,GREEN
183,1,450,139,549,309,499.5,224.0,170.0,0.000,0.000,GREEN
184,2,455,33,526,146,490.5,89.5,113.0,0.000,0.000,GREEN
184,1,454,139,549,315,501.5,227.0,176.0,0.000,0.000,GREEN
185,2,456,33,527,148,491.5,90.5,115.0,0.000,0.000,GREEN
185,1,451,140,548,314,499.5,227.0,174.0,0.850,0.340,YELLOW
186,2,455,33,527,149,491.0,91.0,116.0,0.000,0.000,GREEN
186,1,448,141,548,312,498.0,226.5,171.0,0.850,0.544,YELLOW
187,2,455,33,526,149,490.5,91.0,116.0,0.000,0.000,GREEN
187,1,448,140,548,310,498.0,225.0,170.0,1.000,0.726,YELLOW
188,1,457,141,547,297,502.0,219.0,156.0,0.850,0.776,YELLOW
188,2,448,33,526,232,487.0,132.5,199.0,0.000,0.000,GREEN
189,2,447,33,525,236,486.0,134.5,203.0,0.000,0.000,GREEN
189,1,446,140,546,311,496.0,225.5,171.0,0.850,0.806,YELLOW
190,1,445,140,546,314,495.5,227.0,174.0,0.850,0.823,RED
190,2,446,32,525,244,485.5,138.0,212.0,0.000,0.000,GREEN
191,1,445,139,546,317,495.5,228.0,178.0,0.850,0.834,RED
191,2,453,34,527,150,490.0,92.0,116.0,0.000,0.000,GREEN
192,2,453,34,527,150,490.0,92.0,116.0,0.000,0.000,GREEN
192,1,445,139,546,318,495.5,228.5,179.0,0.850,0.840,RED
193,2,452,34,527,149,489.5,91.5,115.0,0.000,0.000,GREEN
193,1,442,138,546,317,494.0,227.5,179.0,0.850,0.844,RED
194,2,452,34,527,149,489.5,91.5,115.0,0.000,0.000,GREEN
194,1,440,138,545,318,492.5,228.0,180.0,0.850,0.847,RED
195,2,452,34,526,149,489.0,91.5,115.0,0.000,0.000,GREEN
195,1,436,138,545,321,490.5,229.5,183.0,0.000,0.508,RED
196,2,452,34,527,150,489.5,92.0,116.0,0.000,0.000,GREEN
196,1,437,138,545,324,491.0,231.0,186.0,0.000,0.305,YELLOW
197,1,436,138,545,323,490.5,230.5,185.0,0.000,0.183,GREEN
197,2,452,34,527,150,489.5,92.0,116.0,0.000,0.000,GREEN
198,2,452,34,527,150,489.5,92.0,116.0,0.000,0.000,GREEN
198,1,437,138,545,327,491.0,232.5,189.0,0.000,0.110,GREEN
199,2,452,34,529,151,490.5,92.5,117.0,0.000,0.000,GREEN
199,1,436,138,543,332,489.5,235.0,194.0,0.000,0.066,GREEN
200,2,453,34,530,151,491.5,92.5,117.0,0.000,0.000,GREEN
200,1,436,138,543,337,489.5,237.5,199.0,0.000,0.039,GREEN
201,1,436,138,543,341,489.5,239.5,203.0,0.000,0.024,GREEN
201,2,453,34,531,153,492.0,93.5,119.0,0.000,0.000,GREEN
202,1,437,138,543,341,490.0,239.5,203.0,0.000,0.014,GREEN
202,2,453,34,531,153,492.0,93.5,119.0,0.000,0.000,GREEN
203,2,453,34,531,154,492.0,94.0,120.0,0.000,0.000,GREEN
203,1,437,138,544,345,490.5,241.5,207.0,0.000,0.009,GREEN
204,1,437,138,544,347,490.5,242.5,209.0,0.000,0.005,GREEN
204,2,452,34,531,156,491.5,95.0,122.0,0.000,0.000,GREEN
205,1,437,140,544,349,490.5,244.5,209.0,0.000,0.003,GREEN
205,2,452,34,531,158,491.5,96.0,124.0,0.000,0.000,GREEN
206,1,436,142,545,350,490.5,246.0,208.0,0.000,0.002,GREEN
206,2,448,34,537,224,492.5,129.0,190.0,0.000,0.000,GREEN
207,1,436,142,545,351,490.5,246.5,209.0,0.000,0.001,GREEN
207,2,448,34,537,226,492.5,130.0,192.0,0.000,0.000,GREEN
208,1,437,141,545,351,491.0,246.0,210.0,0.000,0.001,GREEN
209,1,437,141,546,351,491.5,246.0,210.0,0.000,0.000,GREEN
210,1,437,142,546,351,491.5,246.5,209.0,0.000,0.000,GREEN
211,1,437,143,546,350,491.5,246.5,207.0,0.000,0.000,GREEN
212,1,437,143,546,350,491.5,246.5,207.0,0.000,0.000,GREEN
213,1,437,145,547,350,492.0,247.5,205.0,0.000,0.000,GREEN
214,1,436,145,547,350,491.5,247.5,205.0,0.000,0.000,GREEN
214,2,441,33,531,157,486.0,95.0,124.0,0.000,0.000,GREEN
215,1,436,146,548,350,492.0,248.0,204.0,0.000,0.000,GREEN
215,2,441,32,533,160,487.0,96.0,128.0,0.000,0.000,GREEN
216,1,436,146,548,350,492.0,248.0,204.0,0.000,0.000,GREEN
216,2,465,33,534,160,499.5,96.5,127.0,0.000,0.000,GREEN
217,1,436,146,548,350,492.0,248.0,204.0,0.000,0.000,GREEN
217,2,441,33,534,159,487.5,96.0,126.0,0.000,0.000,GREEN
218,1,436,147,549,350,492.5,248.5,203.0,0.000,0.000,GREEN
218,2,441,32,534,159,487.5,95.5,127.0,0.000,0.000,GREEN
219,1,436,147,550,349,493.0,248.0,202.0,0.000,0.000,GREEN
219,2,452,32,534,156,493.0,94.0,124.0,0.000,0.000,GREEN
220,1,435,146,550,349,492.5,247.5,203.0,0.000,0.000,GREEN
220,2,443,32,534,155,488.5,93.5,123.0,0.000,0.000,GREEN
221,1,436,146,550,350,493.0,248.0,204.0,0.000,0.000,GREEN
221,2,440,32,530,154,485.0,93.0,122.0,0.000,0.000,GREEN
222,1,436,146,550,350,493.0,248.0,204.0,0.000,0.000,GREEN
222,2,440,32,530,154,485.0,93.0,122.0,0.000,0.000,GREEN
223,1,435,147,551,350,493.0,248.5,203.0,0.000,0.000,GREEN
223,2,441,32,534,155,487.5,93.5,123.0,0.000,0.000,GREEN
224,1,434,148,551,350,492.5,249.0,202.0,0.000,0.000,GREEN
224,2,443,32,534,157,488.5,94.5,125.0,0.000,0.000,GREEN
225,2,441,32,534,157,487.5,94.5,125.0,0.000,0.000,GREEN
225,1,434,150,551,349,492.5,249.5,199.0,0.000,0.000,GREEN
226,1,434,151,552,349,493.0,250.0,198.0,0.000,0.000,GREEN
226,2,442,31,531,157,486.5,94.0,126.0,0.000,0.000,GREEN
227,2,442,31,531,157,486.5,94.0,126.0,0.000,0.000,GREEN
227,1,434,151,552,348,493.0,249.5,197.0,0.000,0.000,GREEN
228,1,434,152,553,348,493.5,250.0,196.0,0.000,0.000,GREEN
228,2,442,31,532,157,487.0,94.0,126.0,0.000,0.000,GREEN
229,2,443,31,532,157,487.5,94.0,126.0,0.000,0.000,GREEN
229,1,434,153,554,346,494.0,249.5,193.0,0.000,0.000,GREEN
230,1,434,155,555,346,494.5,250.5,191.0,0.000,0.000,GREEN
230,2,442,31,534,158,488.0,94.5,127.0,0.000,0.000,GREEN
231,1,434,154,555,346,494.5,250.0,192.0,0.000,0.000,GREEN
231,2,443,31,534,160,488.5,95.5,129.0,0.000,0.000,GREEN
232,2,444,31,533,160,488.5,95.5,129.0,0.000,0.000,GREEN
232,1,434,156,555,346,494.5,251.0,190.0,0.000,0.000,GREEN
233,1,434,157,556,345,495.0,251.0,188.0,0.000,0.000,GREEN
233,2,444,31,533,162,488.5,96.5,131.0,0.000,0.000,GREEN
234,1,434,158,557,346,495.5,252.0,188.0,0.000,0.000,GREEN
234,2,443,31,534,164,488.5,97.5,133.0,0.000,0.000,GREEN
235,1,433,158,557,346,495.0,252.0,188.0,0.000,0.000,GREEN
235,2,444,31,533,166,488.5,98.5,135.0,0.000,0.000,GREEN
236,1,433,160,558,347,495.5,253.5,187.0,0.000,0.000,GREEN
236,2,444,31,531,165,487.5,98.0,134.0,0.000,0.000,GREEN
237,1,433,160,558,347,495.5,253.5,187.0,0.000,0.000,GREEN
237,2,444,31,532,165,488.0,98.0,134.0,0.000,0.000,GREEN
238,1,433,160,557,349,495.0,254.5,189.0,0.000,0.000,GREEN
238,2,444,31,532,166,488.0,98.5,135.0,0.000,0.000,GREEN
239,1,434,161,558,349,496.0,255.0,188.0,0.000,0.000,GREEN
239,2,444,31,533,170,488.5,100.5,139.0,0.000,0.000,GREEN
240,1,434,162,558,350,496.0,256.0,188.0,0.000,0.000,GREEN
240,2,447,31,529,168,488.0,99.5,137.0,0.000,0.000,GREEN
241,1,434,162,558,350,496.0,256.0,188.0,0.000,0.000,GREEN
241,2,448,32,527,167,487.5,99.5,135.0,0.000,0.000,GREEN
242,1,434,163,558,349,496.0,256.0,186.0,0.000,0.000,GREEN
242,2,448,31,530,183,489.0,107.0,152.0,0.000,0.000,GREEN
243,1,434,163,557,349,495.5,256.0,186.0,0.000,0.000,GREEN
244,1,433,164,557,352,495.0,258.0,188.0,0.000,0.000,GREEN
245,1,434,165,556,350,495.0,257.5,185.0,0.000,0.000,GREEN
245,2,459,33,535,174,497.0,103.5,141.0,0.000,0.000,GREEN
246,1,434,165,556,350,495.0,257.5,185.0,0.000,0.000,GREEN
246,2,466,34,532,172,499.0,103.0,138.0,0.000,0.000,GREEN
247,1,434,165,556,350,495.0,257.5,185.0,0.000,0.000,GREEN
247,2,466,34,532,172,499.0,103.0,138.0,0.000,0.000,GREEN
248,1,434,166,555,351,494.5,258.5,185.0,0.000,0.000,GREEN
248,2,475,35,534,170,504.5,102.5,135.0,0.000,0.000,GREEN
249,1,433,167,553,352,493.0,259.5,185.0,0.000,0.000,GREEN
249,2,477,35,537,171,507.0,103.0,136.0,0.000,0.000,GREEN
250,1,433,166,553,352,493.0,259.0,186.0,0.000,0.000,GREEN
250,2,477,36,537,170,507.0,103.0,134.0,0.000,0.000,GREEN
251,1,434,168,552,355,493.0,261.5,187.0,0.000,0.000,GREEN
251,2,478,35,540,170,509.0,102.5,135.0,0.000,0.000,GREEN
252,2,478,35,540,170,509.0,102.5,135.0,0.000,0.000,GREEN
252,1,434,166,552,352,493.0,259.0,186.0,0.000,0.000,GREEN
253,1,434,166,551,352,492.5,259.0,186.0,0.000,0.000,GREEN
253,2,478,36,542,164,510.0,100.0,128.0,0.000,0.000,GREEN
254,1,434,166,550,352,492.0,259.0,186.0,0.000,0.000,GREEN
254,2,478,37,544,180,511.0,108.5,143.0,0.000,0.000,GREEN
255,1,435,166,549,351,492.0,258.5,185.0,0.000,0.000,GREEN
255,2,480,38,545,180,512.5,109.0,142.0,0.000,0.000,GREEN
256,1,435,166,547,352,491.0,259.0,186.0,0.000,0.000,GREEN
256,2,481,40,548,233,514.5,136.5,193.0,0.000,0.000,GREEN
257,1,435,166,547,352,491.0,259.0,186.0,0.000,0.000,GREEN
257,2,481,40,548,233,514.5,136.5,193.0,0.000,0.000,GREEN
258,1,435,167,546,353,490.5,260.0,186.0,0.000,0.000,GREEN
258,2,482,42,549,208,515.5,125.0,166.0,0.000,0.000,GREEN
259,1,434,166,545,351,489.5,258.5,185.0,0.000,0.000,GREEN
259,2,481,44,553,205,517.0,124.5,161.0,0.000,0.000,GREEN
260,1,435,167,543,352,489.0,259.5,185.0,0.000,0.000,GREEN
260,2,480,43,551,207,515.5,125.0,164.0,0.000,0.000,GREEN
261,2,480,44,554,208,517.0,126.0,164.0,0.000,0.000,GREEN
261,1,433,165,542,417,487.5,291.0,252.0,0.000,0.000,GREEN
262,2,480,44,554,208,517.0,126.0,164.0,0.000,0.000,GREEN
262,1,435,166,543,354,489.0,260.0,188.0,0.000,0.000,GREEN
263,1,435,165,542,352,488.5,258.5,187.0,0.000,0.000,GREEN
263,2,479,45,556,210,517.5,127.5,165.0,0.000,0.000,GREEN
264,1,435,164,540,355,487.5,259.5,191.0,0.000,0.000,GREEN
264,2,478,47,558,214,518.0,130.5,167.0,0.000,0.000,GREEN
265,2,479,47,559,216,519.0,131.5,169.0,0.000,0.000,GREEN
265,1,434,163,538,351,486.0,257.0,188.0,0.000,0.000,GREEN
266,1,436,163,538,351,487.0,257.0,188.0,0.000,0.000,GREEN
266,2,480,47,561,215,520.5,131.0,168.0,0.250,0.100,GREEN
267,2,480,47,561,215,520.5,131.0,168.0,0.250,0.160,GREEN
267,1,436,162,539,351,487.5,256.5,189.0,0.000,0.000,GREEN
268,1,434,161,538,350,486.0,255.5,189.0,0.000,0.000,GREEN
268,2,480,46,565,215,522.5,130.5,169.0,0.250,0.196,GREEN
269,1,434,162,538,351,486.0,256.5,189.0,0.000,0.000,GREEN
269,2,480,46,566,215,523.0,130.5,169.0,0.000,0.118,GREEN
270,2,481,47,567,214,524.0,130.5,167.0,0.000,0.071,GREEN
270,1,434,161,536,349,485.0,255.0,188.0,0.000,0.000,GREEN
271,1,435,159,537,349,486.0,254.0,190.0,0.000,0.000,GREEN
271,2,482,47,567,213,524.5,130.0,166.0,0.000,0.042,GREEN
272,2,482,47,567,213,524.5,130.0,166.0,0.000,0.025,GREEN
272,1,434,161,536,348,485.0,254.5,187.0,0.000,0.000,GREEN
273,1,435,161,536,349,485.5,255.0,188.0,0.000,0.000,GREEN
273,2,483,47,568,213,525.5,130.0,166.0,0.250,0.115,GREEN
274,1,436,161,534,348,485.0,254.5,187.0,0.000,0.000,GREEN
274,2,485,48,567,212,526.0,130.0,164.0,0.000,0.069,GREEN
275,2,486,49,567,211,526.5,130.0,162.0,0.000,0.041,GREEN
275,1,438,162,534,348,486.0,255.0,186.0,0.000,0.000,GREEN
276,1,438,162,534,348,486.0,255.0,186.0,0.000,0.000,GREEN
276,2,487,49,566,211,526.5,130.0,162.0,0.000,0.025,GREEN
277,2,487,49,565,211,526.0,130.0,162.0,0.000,0.015,GREEN
277,1,438,162,534,348,486.0,255.0,186.0,0.000,0.000,GREEN
278,1,438,162,533,349,485.5,255.5,187.0,0.000,0.000,GREEN
278,2,487,49,567,210,527.0,129.5,161.0,0.000,0.009,GREEN
279,1,439,163,533,348,486.0,255.5,185.0,0.000,0.000,GREEN
279,2,487,48,570,210,528.5,129.0,162.0,0.000,0.005,GREEN
280,2,489,48,570,210,529.5,129.0,162.0,0.000,0.003,GREEN
280,1,440,165,532,347,486.0,256.0,182.0,0.000,0.000,GREEN
281,2,489,48,570,210,529.5,129.0,162.0,0.000,0.002,GREEN
281,1,440,168,532,348,486.0,258.0,180.0,0.000,0.000,GREEN
282,2,489,48,570,210,529.5,129.0,162.0,0.000,0.001,GREEN
282,1,440,168,532,347,486.0,257.5,179.0,0.000,0.000,GREEN
283,2,489,49,570,210,529.5,129.5,161.0,0.000,0.001,GREEN
283,1,440,191,531,345,485.5,268.0,154.0,0.000,0.000,GREEN
284,2,490,48,570,210,530.0,129.0,162.0,0.000,0.000,GREEN
284,1,441,193,531,345,486.0,269.0,152.0,0.000,0.000,GREEN
285,2,491,48,570,210,530.5,129.0,162.0,0.000,0.000,GREEN
285,1,441,196,531,344,486.0,270.0,148.0,0.000,0.000,GREEN
286,2,492,48,570,210,531.0,129.0,162.0,0.000,0.000,GREEN
286,1,441,192,531,345,486.0,268.5,153.0,0.850,0.340,YELLOW
287,2,492,48,570,210,531.0,129.0,162.0,0.000,0.000,GREEN
287,1,441,187,531,345,486.0,266.0,158.0,1.000,0.604,YELLOW
288,1,440,189,532,345,486.0,267.0,156.0,1.000,0.762,YELLOW
288,2,492,49,568,211,530.0,130.0,162.0,0.000,0.000,GREEN
289,2,491,49,568,211,529.5,130.0,162.0,0.000,0.000,GREEN
289,1,440,170,532,346,486.0,258.0,176.0,1.000,0.857,YELLOW
290,1,440,169,533,347,486.5,258.0,178.0,1.000,0.914,YELLOW
290,2,492,49,568,211,530.0,130.0,162.0,0.000,0.000,GREEN
291,2,494,48,569,210,531.5,129.0,162.0,0.000,0.000,GREEN
291,1,439,177,533,345,486.0,261.0,168.0,1.000,0.949,RED
292,2,494,48,569,210,531.5,129.0,162.0,0.000,0.000,GREEN
292,1,439,180,533,345,486.0,262.5,165.0,1.000,0.969,RED
293,2,494,48,568,210,531.0,129.0,162.0,0.000,0.000,GREEN
293,1,439,163,534,347,486.5,255.0,184.0,1.000,0.982,RED
294,2,494,48,568,210,531.0,129.0,162.0,0.000,0.000,GREEN
294,1,438,161,533,347,485.5,254.0,186.0,1.000,0.989,RED
295,2,494,47,568,210,531.0,128.5,163.0,0.000,0.000,GREEN
295,1,440,166,534,346,487.0,256.0,180.0,0.850,0.933,RED
296,2,494,47,566,210,530.0,128.5,163.0,0.000,0.000,GREEN
296,1,440,172,533,346,486.5,259.0,174.0,0.850,0.900,RED
297,2,494,47,567,210,530.5,128.5,163.0,0.000,0.000,GREEN
297,1,440,173,533,347,486.5,260.0,174.0,0.850,0.880,RED
298,1,440,175,534,348,487.0,261.5,173.0,0.850,0.868,RED
298,2,494,48,566,211,530.0,129.5,163.0,0.000,0.000,GREEN
299,2,494,48,567,211,530.5,129.5,163.0,0.000,0.000,GREEN
299,1,440,172,534,348,487.0,260.0,176.0,0.850,0.861,RED
300,1,440,170,535,348,487.5,259.0,178.0,0.850,0.856,RED
300,2,494,47,566,211,530.0,129.0,164.0,0.000,0.000,GREEN
301,2,494,47,564,211,529.0,129.0,164.0,0.000,0.000,GREEN
301,1,441,173,536,349,488.5,261.0,176.0,0.850,0.854,RED
302,2,494,47,564,211,529.0,129.0,164.0,0.000,0.000,GREEN
302,1,440,174,536,349,488.0,261.5,175.0,0.850,0.852,RED
303,1,441,175,537,349,489.0,262.0,174.0,0.850,0.851,RED
303,2,494,47,563,212,528.5,129.5,165.0,0.000,0.000,GREEN
304,2,494,47,562,212,528.0,129.5,165.0,0.000,0.000,GREEN
304,1,441,179,538,349,489.5,264.0,170.0,0.850,0.851,RED
305,2,494,47,562,213,528.0,130.0,166.0,0.000,0.000,GREEN
305,1,440,174,539,348,489.5,261.0,174.0,0.850,0.851,RED
306,1,440,171,539,348,489.5,259.5,177.0,0.850,0.850,RED
306,2,493,47,563,213,528.0,130.0,166.0,0.000,0.000,GREEN
307,1,440,171,539,348,489.5,259.5,177.0,0.850,0.850,RED
307,2,493,47,563,213,528.0,130.0,166.0,0.000,0.000,GREEN
308,2,493,47,564,215,528.5,131.0,168.0,0.000,0.000,GREEN
308,1,440,176,539,348,489.5,262.0,172.0,0.850,0.850,RED
309,2,493,47,565,215,529.0,131.0,168.0,0.000,0.000,GREEN
309,1,440,184,539,348,489.5,266.0,164.0,0.850,0.850,RED
310,2,493,47,563,215,528.0,131.0,168.0,0.000,0.000,GREEN
310,1,442,179,539,349,490.5,264.0,170.0,0.850,0.850,RED
311,1,442,181,539,350,490.5,265.5,169.0,0.850,0.850,RED
311,2,494,47,563,215,528.5,131.0,168.0,0.000,0.000,GREEN
312,2,493,47,562,216,527.5,131.5,169.0,0.000,0.000,GREEN
312,1,442,184,539,349,490.5,266.5,165.0,0.850,0.850,RED
313,2,494,47,562,215,528.0,131.0,168.0,0.000,0.000,GREEN
313,1,442,177,539,350,490.5,263.5,173.0,0.850,0.850,RED
314,1,444,176,540,350,492.0,263.0,174.0,0.850,0.850,RED
314,2,494,46,560,216,527.0,131.0,170.0,0.000,0.000,GREEN
315,2,494,46,560,217,527.0,131.5,171.0,0.000,0.000,GREEN
315,1,444,176,541,349,492.5,262.5,173.0,0.850,0.850,RED
316,2,495,46,560,216,527.5,131.0,170.0,0.000,0.000,GREEN
316,1,442,179,540,349,491.0,264.0,170.0,0.850,0.850,RED
317,2,495,46,560,216,527.5,131.0,170.0,0.000,0.000,GREEN
317,1,442,179,540,349,491.0,264.0,170.0,0.850,0.850,RED
318,1,444,178,541,350,492.5,264.0,172.0,0.850,0.850,RED
318,2,498,46,560,217,529.0,131.5,171.0,0.000,0.000,GREEN
319,1,446,178,542,348,494.0,263.0,170.0,0.850,0.850,RED
319,2,499,46,558,216,528.5,131.0,170.0,0.000,0.000,GREEN
320,2,500,46,558,216,529.0,131.0,170.0,0.000,0.000,GREEN
320,1,442,179,541,347,491.5,263.0,168.0,0.850,0.850,RED
321,1,441,177,542,347,491.5,262.0,170.0,0.850,0.850,RED
321,2,501,44,557,216,529.0,130.0,172.0,0.000,0.000,GREEN
322,1,441,178,542,347,491.5,262.5,169.0,0.850,0.850,RED
322,2,501,44,556,216,528.5,130.0,172.0,0.000,0.000,GREEN
323,1,441,177,542,347,491.5,262.0,170.0,0.850,0.850,RED
323,2,502,44,557,215,529.5,129.5,171.0,0.000,0.000,GREEN
324,1,441,179,542,346,491.5,262.5,167.0,0.850,0.850,RED
324,2,502,42,558,215,530.0,128.5,173.0,0.000,0.000,GREEN
325,1,445,180,542,346,493.5,263.0,166.0,0.850,0.850,RED
325,2,502,42,561,216,531.5,129.0,174.0,0.000,0.000,GREEN
326,2,502,41,561,214,531.5,127.5,173.0,0.000,0.000,GREEN
326,1,446,178,542,346,494.0,262.0,168.0,0.850,0.850,RED
327,2,502,41,561,215,531.5,128.0,174.0,0.000,0.000,GREEN
327,1,446,179,542,346,494.0,262.5,167.0,0.850,0.850,RED
328,2,502,42,561,213,531.5,127.5,171.0,0.000,0.000,GREEN
328,1,447,181,541,347,494.0,264.0,166.0,0.850,0.850,RED
329,2,502,42,562,211,532.0,126.5,169.0,0.000,0.000,GREEN
329,1,446,181,541,341,493.5,261.0,160.0,0.850,0.850,RED
330,2,502,42,563,211,532.5,126.5,169.0,0.000,0.000,GREEN
330,1,447,175,541,345,494.0,260.0,170.0,0.850,0.850,RED
331,1,447,174,541,346,494.0,260.0,172.0,0.850,0.850,RED
331,2,502,42,563,210,532.5,126.0,168.0,0.000,0.000,GREEN
332,2,502,42,563,210,532.5,126.0,168.0,0.000,0.000,GREEN
332,1,447,174,541,344,494.0,259.0,170.0,1.000,0.910,RED
333,2,501,42,564,212,532.5,127.0,170.0,0.000,0.000,GREEN
333,1,448,173,541,345,494.5,259.0,172.0,1.000,0.946,RED
334,1,449,172,540,348,494.5,260.0,176.0,1.000,0.968,RED
334,2,498,42,564,214,531.0,128.0,172.0,0.000,0.000,GREEN
335,2,497,42,563,212,530.0,127.0,170.0,0.000,0.000,GREEN
335,1,449,170,542,345,495.5,257.5,175.0,0.850,0.921,RED
336,1,448,169,542,345,495.0,257.0,176.0,0.850,0.892,RED
336,2,497,42,564,219,530.5,130.5,177.0,0.000,0.000,GREEN
337,1,448,169,542,345,495.0,257.0,176.0,0.850,0.875,RED
337,2,497,41,564,219,530.5,130.0,178.0,0.000,0.000,GREEN
338,2,496,42,563,220,529.5,131.0,178.0,0.000,0.000,GREEN
338,1,447,168,543,347,495.0,257.5,179.0,0.850,0.865,RED
339,1,448,168,543,347,495.5,257.5,179.0,0.850,0.859,RED
339,2,489,42,563,222,526.0,132.0,180.0,0.000,0.000,GREEN
340,1,448,166,542,346,495.0,256.0,180.0,0.850,0.855,RED
340,2,498,45,561,229,529.5,137.0,184.0,0.000,0.000,GREEN
341,1,448,166,543,347,495.5,256.5,181.0,0.850,0.853,RED
341,2,492,41,561,219,526.5,130.0,178.0,0.000,0.000,GREEN
342,1,448,166,543,346,495.5,256.0,180.0,0.850,0.852,RED
342,2,492,41,561,220,526.5,130.5,179.0,0.000,0.000,GREEN
343,1,447,165,542,345,494.5,255.0,180.0,0.850,0.851,RED
343,2,477,42,560,228,518.5,135.0,186.0,0.000,0.000,GREEN
344,1,447,164,542,347,494.5,255.5,183.0,0.850,0.851,RED
344,2,478,43,558,227,518.0,135.0,184.0,0.000,0.000,GREEN
345,1,447,163,542,348,494.5,255.5,185.0,0.850,0.850,RED
345,2,473,44,556,180,514.5,112.0,136.0,0.000,0.000,GREEN
346,1,447,163,543,346,495.0,254.5,183.0,0.850,0.850,RED
346,2,472,43,555,179,513.5,111.0,136.0,0.000,0.000,GREEN
347,2,472,43,555,178,513.5,110.5,135.0,0.000,0.000,GREEN
347,1,447,163,543,346,495.0,254.5,183.0,0.850,0.850,RED
348,1,447,163,542,348,494.5,255.5,185.0,0.850,0.850,RED
348,2,470,43,554,210,512.0,126.5,167.0,0.000,0.000,GREEN
349,1,447,164,542,345,494.5,254.5,181.0,0.850,0.850,RED
349,2,469,42,553,212,511.0,127.0,170.0,0.000,0.000,GREEN
350,1,447,164,542,344,494.5,254.0,180.0,0.850,0.850,RED
350,2,469,42,550,195,509.5,118.5,153.0,0.000,0.000,GREEN
351,1,447,164,542,343,494.5,253.5,179.0,0.850,0.850,RED
351,2,468,41,548,197,508.0,119.0,156.0,0.000,0.000,GREEN
352,2,468,42,548,196,508.0,119.0,154.0,0.000,0.000,GREEN
352,1,447,164,542,343,494.5,253.5,179.0,0.850,0.850,RED
353,1,447,162,543,338,495.0,250.0,176.0,0.850,0.850,RED
353,2,467,42,545,189,506.0,115.5,147.0,0.000,0.000,GREEN
354,1,447,163,543,341,495.0,252.0,178.0,0.850,0.850,RED
354,2,466,41,544,178,505.0,109.5,137.0,0.000,0.000,GREEN
355,1,447,165,543,340,495.0,252.5,175.0,0.850,0.850,RED
355,2,466,41,544,175,505.0,108.0,134.0,0.000,0.000,GREEN
356,1,447,166,544,340,495.5,253.0,174.0,0.850,0.850,RED
356,2,466,41,542,190,504.0,115.5,149.0,0.000,0.000,GREEN
357,1,447,167,544,340,495.5,253.5,173.0,0.850,0.850,RED
357,2,466,41,542,192,504.0,116.5,151.0,0.000,0.000,GREEN
358,1,447,169,544,341,495.5,255.0,172.0,0.850,0.850,RED
358,2,465,41,540,193,502.5,117.0,152.0,0.000,0.000,GREEN
359,2,464,41,540,198,502.0,119.5,157.0,0.000,0.000,GREEN
359,1,447,175,543,339,495.0,257.0,164.0,0.850,0.850,RED
360,2,464,41,540,196,502.0,118.5,155.0,0.000,0.000,GREEN
360,1,447,168,543,339,495.0,253.5,171.0,0.850,0.850,RED
361,1,447,173,544,337,495.5,255.0,164.0,1.000,0.910,RED
361,2,464,41,540,187,502.0,114.0,146.0,0.000,0.000,GREEN
362,2,464,41,540,187,502.0,114.0,146.0,0.000,0.000,GREEN
362,1,447,175,544,337,495.5,256.0,162.0,1.000,0.946,RED
363,2,464,42,541,179,502.5,110.5,137.0,0.000,0.000,GREEN
363,1,446,196,541,339,493.5,267.5,143.0,1.000,0.968,RED
364,1,446,197,538,339,492.0,268.0,142.0,1.000,0.981,RED
364,2,464,43,541,194,502.5,118.5,151.0,0.000,0.000,GREEN
365,1,446,199,538,338,492.0,268.5,139.0,1.000,0.988,RED
365,2,461,43,543,193,502.0,118.0,150.0,0.000,0.000,GREEN
366,2,460,43,543,195,501.5,119.0,152.0,0.000,0.000,GREEN
366,1,447,195,537,336,492.0,265.5,141.0,1.000,0.993,RED
367,1,447,194,537,336,492.0,265.0,142.0,1.000,0.996,RED
367,2,460,43,542,197,501.0,120.0,154.0,0.000,0.000,GREEN
368,2,460,43,544,198,502.0,120.5,155.0,0.000,0.000,GREEN
368,1,448,200,537,336,492.5,268.0,136.0,0.850,0.937,RED
369,1,448,200,536,336,492.0,268.0,136.0,0.000,0.562,RED
369,2,462,43,545,202,503.5,122.5,159.0,0.000,0.000,GREEN
370,1,448,199,537,338,492.5,268.5,139.0,0.000,0.337,YELLOW
370,2,464,44,547,202,505.5,123.0,158.0,0.000,0.000,GREEN
371,1,448,200,537,340,492.5,270.0,140.0,0.000,0.202,GREEN
371,2,466,44,551,202,508.5,123.0,158.0,0.000,0.000,GREEN
372,2,466,44,551,202,508.5,123.0,158.0,0.000,0.000,GREEN
372,1,448,200,537,339,492.5,269.5,139.0,0.000,0.121,GREEN
373,1,446,200,536,339,491.0,269.5,139.0,0.000,0.073,GREEN
373,2,468,44,553,204,510.5,124.0,160.0,0.000,0.000,GREEN
374,2,471,45,553,205,512.0,125.0,160.0,0.000,0.000,GREEN
374,1,444,193,537,339,490.5,266.0,146.0,0.000,0.044,GREEN
375,2,473,45,555,205,514.0,125.0,160.0,0.000,0.000,GREEN
375,1,443,185,537,341,490.0,263.0,156.0,0.000,0.026,GREEN
376,2,477,44,555,204,516.0,124.0,160.0,0.000,0.000,GREEN
376,1,441,179,537,342,489.0,260.5,163.0,0.000,0.016,GREEN
377,2,476,44,555,204,515.5,124.0,160.0,0.000,0.000,GREEN
377,1,440,174,537,342,488.5,258.0,168.0,0.000,0.009,GREEN
378,2,477,44,556,204,516.5,124.0,160.0,0.000,0.000,GREEN
378,1,437,171,537,343,487.0,257.0,172.0,0.000,0.006,GREEN
379,1,439,171,537,343,488.0,257.0,172.0,0.000,0.003,GREEN
379,2,479,44,555,204,517.0,124.0,160.0,0.000,0.000,GREEN
380,2,481,44,555,204,518.0,124.0,160.0,0.000,0.000,GREEN
380,1,447,191,538,342,492.5,266.5,151.0,0.000,0.002,GREEN
381,2,481,43,555,205,518.0,124.0,162.0,0.000,0.000,GREEN
381,1,446,197,538,342,492.0,269.5,145.0,0.000,0.001,GREEN
382,2,481,43,555,204,518.0,123.5,161.0,0.000,0.000,GREEN
382,1,447,198,538,342,492.5,270.0,144.0,0.000,0.001,GREEN
383,2,483,44,555,205,519.0,124.5,161.0,0.000,0.000,GREEN
383,1,446,190,539,342,492.5,266.0,152.0,0.000,0.000,GREEN
384,2,483,44,555,205,519.0,124.5,161.0,0.000,0.000,GREEN
384,1,443,169,538,342,490.5,255.5,173.0,0.000,0.000,GREEN
385,2,485,44,555,204,520.0,124.0,160.0,0.000,0.000,GREEN
385,1,436,160,539,343,487.5,251.5,183.0,0.000,0.000,GREEN
386,1,438,160,540,344,489.0,252.0,184.0,0.000,0.000,GREEN
386,2,483,44,555,205,519.0,124.5,161.0,0.000,0.000,GREEN
387,2,484,44,555,205,519.5,124.5,161.0,0.000,0.000,GREEN
387,1,439,161,540,344,489.5,252.5,183.0,0.000,0.000,GREEN
388,2,483,44,555,204,519.0,124.0,160.0,0.000,0.000,GREEN
388,1,438,202,540,343,489.0,272.5,141.0,0.000,0.000,GREEN
389,2,483,44,554,202,518.5,123.0,158.0,0.000,0.000,GREEN
390,2,480,44,553,202,516.5,123.0,158.0,0.000,0.000,GREEN
390,1,435,170,540,343,487.5,256.5,173.0,0.000,0.000,GREEN
391,2,480,44,553,201,516.5,122.5,157.0,0.000,0.000,GREEN
391,1,438,164,539,344,488.5,254.0,180.0,0.000,0.000,GREEN
392,2,480,44,553,201,516.5,122.5,157.0,0.000,0.000,GREEN
392,1,438,166,539,344,488.5,255.0,178.0,0.000,0.000,GREEN
393,2,481,44,551,203,516.0,123.5,159.0,0.000,0.000,GREEN
393,1,446,179,539,343,492.5,261.0,164.0,0.000,0.000,GREEN
394,2,479,44,549,203,514.0,123.5,159.0,0.000,0.000,GREEN
394,1,437,154,538,344,487.5,249.0,190.0,0.000,0.000,GREEN
395,1,435,144,540,343,487.5,243.5,199.0,0.000,0.000,GREEN
395,2,472,44,548,203,510.0,123.5,159.0,0.000,0.000,GREEN
396,1,435,144,539,343,487.0,243.5,199.0,0.000,0.000,GREEN
396,2,471,44,546,206,508.5,125.0,162.0,0.000,0.000,GREEN
397,1,435,144,539,343,487.0,243.5,199.0,0.000,0.000,GREEN
397,2,471,44,546,206,508.5,125.0,162.0,0.000,0.000,GREEN
398,1,435,144,539,342,487.0,243.0,198.0,0.000,0.000,GREEN
398,2,469,44,546,207,507.5,125.5,163.0,0.000,0.000,GREEN
399,1,435,144,538,341,486.5,242.5,197.0,0.000,0.000,GREEN
399,2,468,43,545,202,506.5,122.5,159.0,0.000,0.000,GREEN
400,2,468,43,544,200,506.0,121.5,157.0,0.000,0.000,GREEN
400,1,438,142,537,341,487.5,241.5,199.0,0.850,0.340,YELLOW
401,1,435,142,538,341,486.5,241.5,199.0,0.850,0.544,YELLOW
401,2,467,43,542,182,504.5,112.5,139.0,0.000,0.000,GREEN
402,1,435,142,538,341,486.5,241.5,199.0,0.850,0.666,YELLOW
402,2,467,43,542,181,504.5,112.0,138.0,0.000,0.000,GREEN
403,1,436,142,537,340,486.5,241.0,198.0,0.850,0.740,YELLOW
403,2,466,43,540,186,503.0,114.5,143.0,0.000,0.000,GREEN
404,2,464,43,538,181,501.0,112.0,138.0,0.000,0.000,GREEN
404,1,449,140,537,340,493.0,240.0,200.0,0.000,0.444,YELLOW
405,2,462,42,538,175,500.0,108.5,133.0,0.000,0.000,GREEN
405,1,458,139,537,339,497.5,239.0,200.0,0.000,0.266,GREEN
406,1,458,137,536,338,497.0,237.5,201.0,0.000,0.160,GREEN
406,2,461,43,536,160,498.5,101.5,117.0,0.000,0.000,GREEN
407,2,461,43,536,160,498.5,101.5,117.0,0.000,0.000,GREEN
407,1,457,137,536,338,496.5,237.5,201.0,0.000,0.096,GREEN
408,2,459,43,536,160,497.5,101.5,117.0,0.000,0.000,GREEN
408,1,450,134,536,340,493.0,237.0,206.0,0.000,0.058,GREEN
409,2,457,43,535,160,496.0,101.5,117.0,0.000,0.000,GREEN
409,1,447,131,537,340,492.0,235.5,209.0,0.000,0.035,GREEN
410,1,449,130,537,341,493.0,235.5,211.0,0.000,0.021,GREEN
410,2,456,43,532,161,494.0,102.0,118.0,0.000,0.000,GREEN
411,1,449,131,536,341,492.5,236.0,210.0,0.000,0.012,GREEN
411,2,456,43,531,161,493.5,102.0,118.0,0.000,0.000,GREEN
412,2,456,43,531,161,493.5,102.0,118.0,0.000,0.000,GREEN
412,1,449,131,536,341,492.5,236.0,210.0,0.000,0.007,GREEN
413,1,450,130,537,341,493.5,235.5,211.0,0.000,0.004,GREEN
413,2,455,42,530,159,492.5,100.5,117.0,0.000,0.000,GREEN
414,1,449,130,536,340,492.5,235.0,210.0,0.000,0.003,GREEN
414,2,452,43,529,162,490.5,102.5,119.0,0.000,0.000,GREEN
415,1,450,131,536,337,493.0,234.0,206.0,0.000,0.002,GREEN
415,2,448,43,529,223,488.5,133.0,180.0,0.000,0.000,GREEN
416,1,449,130,536,336,492.5,233.0,206.0,0.000,0.001,GREEN
416,2,448,44,528,227,488.0,135.5,183.0,0.000,0.000,GREEN
417,2,448,44,528,227,488.0,135.5,183.0,0.000,0.000,GREEN
417,1,450,130,536,336,493.0,233.0,206.0,0.000,0.001,GREEN
418,2,448,44,528,226,488.0,135.0,182.0,0.000,0.000,GREEN
418,1,449,130,536,333,492.5,231.5,203.0,0.000,0.000,GREEN
419,2,448,44,528,222,488.0,133.0,178.0,0.000,0.000,GREEN
419,1,449,131,536,329,492.5,230.0,198.0,0.000,0.000,GREEN
420,1,450,129,536,327,493.0,228.0,198.0,0.000,0.000,GREEN
420,2,446,44,527,211,486.5,127.5,167.0,0.000,0.000,GREEN
421,2,446,45,526,216,486.0,130.5,171.0,0.000,0.000,GREEN
421,1,452,132,536,325,494.0,228.5,193.0,0.000,0.000,GREEN
422,1,452,132,536,325,494.0,228.5,193.0,0.000,0.000,GREEN
422,2,446,45,526,216,486.0,130.5,171.0,0.000,0.000,GREEN
423,2,447,45,525,215,486.0,130.0,170.0,0.000,0.000,GREEN
423,1,453,131,536,323,494.5,227.0,192.0,0.000,0.000,GREEN
424,1,453,131,535,320,494.0,225.5,189.0,0.000,0.000,GREEN
424,2,447,46,525,217,486.0,131.5,171.0,0.000,0.000,GREEN
425,1,453,129,535,318,494.0,223.5,189.0,0.000,0.000,GREEN
425,2,445,46,524,221,484.5,133.5,175.0,0.000,0.000,GREEN
426,1,454,130,534,316,494.0,223.0,186.0,0.000,0.000,GREEN
426,2,447,46,524,226,485.5,136.0,180.0,0.000,0.000,GREEN
427,1,454,130,534,316,494.0,223.0,186.0,0.000,0.000,GREEN
427,2,447,46,524,226,485.5,136.0,180.0,0.000,0.000,GREEN
428,1,455,130,534,316,494.5,223.0,186.0,0.000,0.000,GREEN
428,2,447,48,524,227,485.5,137.5,179.0,0.000,0.000,GREEN
429,1,453,129,533,314,493.0,221.5,185.0,0.000,0.000,GREEN
429,2,446,46,523,222,484.5,134.0,176.0,0.000,0.000,GREEN
430,1,453,128,533,313,493.0,220.5,185.0,0.000,0.000,GREEN
430,2,446,46,524,209,485.0,127.5,163.0,0.000,0.000,GREEN
431,1,453,130,533,312,493.0,221.0,182.0,0.000,0.000,GREEN
431,2,448,47,524,216,486.0,131.5,169.0,0.000,0.000,GREEN
432,2,448,47,524,216,486.0,131.5,169.0,0.000,0.000,GREEN
432,1,453,130,533,312,493.0,221.0,182.0,0.000,0.000,GREEN
433,2,447,48,523,217,485.0,132.5,169.0,0.000,0.000,GREEN
433,1,455,131,533,313,494.0,222.0,182.0,0.000,0.000,GREEN
434,1,456,131,532,313,494.0,222.0,182.0,0.000,0.000,GREEN
434,2,446,48,522,219,484.0,133.5,171.0,0.000,0.000,GREEN
435,1,454,131,533,313,493.5,222.0,182.0,0.000,0.000,GREEN
435,2,447,49,523,213,485.0,131.0,164.0,0.000,0.000,GREEN
436,1,454,131,532,314,493.0,222.5,183.0,0.000,0.000,GREEN
436,2,447,50,523,210,485.0,130.0,160.0,0.000,0.000,GREEN
437,2,447,50,523,210,485.0,130.0,160.0,0.000,0.000,GREEN
437,1,453,131,533,314,493.0,222.5,183.0,0.000,0.000,GREEN
438,1,450,130,533,314,491.5,222.0,184.0,0.000,0.000,GREEN
438,2,446,50,524,203,485.0,126.5,153.0,0.000,0.000,GREEN
439,1,452,130,532,314,492.0,222.0,184.0,0.000,0.000,GREEN
439,2,444,51,524,202,484.0,126.5,151.0,0.000,0.000,GREEN
440,1,453,130,533,314,493.0,222.0,184.0,0.000,0.000,GREEN
440,2,443,52,525,202,484.0,127.0,150.0,0.000,0.000,GREEN
441,1,453,130,533,314,493.0,222.0,184.0,0.000,0.000,GREEN
441,2,444,52,526,205,485.0,128.5,153.0,0.000,0.000,GREEN
442,2,444,52,526,205,485.0,128.5,153.0,0.000,0.000,GREEN
442,1,453,130,533,314,493.0,222.0,184.0,0.000,0.000,GREEN
443,1,454,130,534,313,494.0,221.5,183.0,0.000,0.000,GREEN
443,2,444,53,526,207,485.0,130.0,154.0,0.000,0.000,GREEN
444,1,453,130,533,314,493.0,222.0,184.0,0.000,0.000,GREEN
444,2,444,55,526,212,485.0,133.5,157.0,0.000,0.000,GREEN
445,1,454,131,533,316,493.5,223.5,185.0,0.000,0.000,GREEN
445,2,443,56,526,214,484.5,135.0,158.0,0.000,0.000,GREEN
446,2,442,57,526,214,484.0,135.5,157.0,0.000,0.000,GREEN
446,1,456,132,534,315,495.0,223.5,183.0,0.000,0.000,GREEN
447,2,442,57,526,215,484.0,136.0,158.0,0.000,0.000,GREEN
447,1,456,131,534,316,495.0,223.5,185.0,0.000,0.000,GREEN
448,1,457,131,535,317,496.0,224.0,186.0,0.000,0.000,GREEN
448,2,446,58,526,215,486.0,136.5,157.0,0.000,0.000,GREEN
449,1,460,132,536,317,498.0,224.5,185.0,0.000,0.000,GREEN
449,2,448,58,525,220,486.5,139.0,162.0,0.000,0.000,GREEN
450,1,458,132,536,317,497.0,224.5,185.0,0.000,0.000,GREEN
450,2,444,58,525,221,484.5,139.5,163.0,0.000,0.000,GREEN
451,2,445,58,525,224,485.0,141.0,166.0,0.000,0.000,GREEN
451,1,463,133,536,317,499.5,225.0,184.0,0.000,0.000,GREEN
452,1,463,133,536,317,499.5,225.0,184.0,0.000,0.000,GREEN
452,2,444,59,525,224,484.5,141.5,165.0,0.000,0.000,GREEN
453,1,465,133,537,316,501.0,224.5,183.0,0.000,0.000,GREEN
453,2,440,59,525,224,482.5,141.5,165.0,0.000,0.000,GREEN
454,2,440,60,526,223,483.0,141.5,163.0,0.000,0.000,GREEN
454,1,464,133,537,315,500.5,224.0,182.0,0.000,0.000,GREEN
455,1,464,133,538,314,501.0,223.5,181.0,0.000,0.000,GREEN
455,2,441,60,526,220,483.5,140.0,160.0,0.000,0.000,GREEN
456,1,464,133,537,313,500.5,223.0,180.0,0.000,0.000,GREEN
456,2,449,60,527,226,488.0,143.0,166.0,0.000,0.000,GREEN
457,1,464,133,537,313,500.5,223.0,180.0,0.000,0.000,GREEN
457,2,448,60,527,226,487.5,143.0,166.0,0.000,0.000,GREEN
458,1,465,133,538,313,501.5,223.0,180.0,0.000,0.000,GREEN
458,2,447,60,528,228,487.5,144.0,168.0,0.000,0.000,GREEN
459,1,464,132,539,313,501.5,222.5,181.0,0.000,0.000,GREEN
459,2,442,60,529,229,485.5,144.5,169.0,0.000,0.000,GREEN
460,2,441,60,530,229,485.5,144.5,169.0,0.000,0.000,GREEN
460,1,464,132,540,311,502.0,221.5,179.0,0.000,0.000,GREEN
461,1,464,131,541,311,502.5,221.0,180.0,0.000,0.000,GREEN
461,2,442,61,529,225,485.5,143.0,164.0,0.000,0.000,GREEN
462,1,464,131,541,311,502.5,221.0,180.0,0.000,0.000,GREEN
462,2,441,61,529,226,485.0,143.5,165.0,0.000,0.000,GREEN
463,1,465,131,542,311,503.5,221.0,180.0,0.000,0.000,GREEN
463,2,447,61,528,228,487.5,144.5,167.0,0.000,0.000,GREEN
464,1,465,131,543,310,504.0,220.5,179.0,0.000,0.000,GREEN
464,2,448,61,528,226,488.0,143.5,165.0,0.000,0.000,GREEN
465,1,466,132,543,308,504.5,220.0,176.0,0.000,0.000,GREEN
465,2,445,61,527,220,486.0,140.5,159.0,0.000,0.000,GREEN
466,1,466,131,544,309,505.0,220.0,178.0,0.000,0.000,GREEN
466,2,439,61,528,217,483.5,139.0,156.0,0.000,0.000,GREEN
467,1,466,131,544,309,505.0,220.0,178.0,0.000,0.000,GREEN
467,2,440,61,528,218,484.0,139.5,157.0,0.000,0.000,GREEN
468,1,468,131,546,308,507.0,219.5,177.0,0.000,0.000,GREEN
468,2,443,61,530,218,486.5,139.5,157.0,0.000,0.000,GREEN
469,1,468,131,546,308,507.0,219.5,177.0,0.000,0.000,GREEN
469,2,444,60,529,223,486.5,141.5,163.0,0.000,0.000,GREEN
470,1,469,131,549,307,509.0,219.0,176.0,0.000,0.000,GREEN
470,2,438,60,527,224,482.5,142.0,164.0,0.000,0.000,GREEN
471,1,468,130,550,306,509.0,218.0,176.0,0.000,0.000,GREEN
471,2,439,60,527,226,483.0,143.0,166.0,0.000,0.000,GREEN
472,1,468,130,550,306,509.0,218.0,176.0,0.000,0.000,GREEN
472,2,439,60,527,225,483.0,142.5,165.0,0.000,0.000,GREEN
473,1,469,131,552,307,510.5,219.0,176.0,0.000,0.000,GREEN
473,2,438,59,525,223,481.5,141.0,164.0,0.000,0.000,GREEN
474,2,438,60,525,223,481.5,141.5,163.0,0.000,0.000,GREEN
474,1,471,131,553,307,512.0,219.0,176.0,0.000,0.000,GREEN
475,2,438,60,525,221,481.5,140.5,161.0,0.000,0.000,GREEN
475,1,471,131,554,306,512.5,218.5,175.0,0.000,0.000,GREEN
476,2,438,60,525,220,481.5,140.0,160.0,0.000,0.000,GREEN
476,1,472,132,557,310,514.5,221.0,178.0,0.000,0.000,GREEN
477,1,471,132,557,310,514.0,221.0,178.0,0.000,0.000,GREEN
477,2,438,60,525,221,481.5,140.5,161.0,0.000,0.000,GREEN
478,1,470,133,559,310,514.5,221.5,177.0,0.000,0.000,GREEN
478,2,438,60,525,211,481.5,135.5,151.0,0.000,0.000,GREEN
479,2,438,60,525,209,481.5,134.5,149.0,0.000,0.000,GREEN
479,1,470,133,560,310,515.0,221.5,177.0,0.000,0.000,GREEN
480,2,438,62,525,200,481.5,131.0,138.0,0.000,0.000,GREEN
480,1,475,133,563,311,519.0,222.0,178.0,0.000,0.000,GREEN
481,2,438,62,525,202,481.5,132.0,140.0,0.000,0.000,GREEN
481,1,481,134,565,309,523.0,221.5,175.0,0.000,0.000,GREEN
482,2,438,62,525,202,481.5,132.0,140.0,0.000,0.000,GREEN
482,1,480,134,564,311,522.0,222.5,177.0,0.000,0.000,GREEN
483,2,439,62,526,203,482.5,132.5,141.0,0.000,0.000,GREEN
483,1,480,134,566,309,523.0,221.5,175.0,0.000,0.000,GREEN
484,1,476,134,567,312,521.5,223.0,178.0,0.000,0.000,GREEN
484,2,438,63,526,192,482.0,127.5,129.0,0.000,0.000,GREEN
485,2,437,63,526,193,481.5,128.0,130.0,0.000,0.000,GREEN
485,1,479,135,567,311,523.0,223.0,176.0,0.000,0.000,GREEN
486,2,437,63,527,192,482.0,127.5,129.0,0.000,0.000,GREEN
486,1,484,134,569,310,526.5,222.0,176.0,0.000,0.000,GREEN
487,1,484,134,569,310,526.5,222.0,176.0,0.000,0.000,GREEN
487,2,436,63,527,193,481.5,128.0,130.0,0.000,0.000,GREEN
488,2,435,63,526,193,480.5,128.0,130.0,0.000,0.000,GREEN
488,1,486,133,570,310,528.0,221.5,177.0,0.000,0.000,GREEN
489,1,489,132,571,309,530.0,220.5,177.0,0.000,0.000,GREEN
489,2,434,64,526,185,480.0,124.5,121.0,0.000,0.000,GREEN
490,2,434,64,526,186,480.0,125.0,122.0,0.000,0.000,GREEN
490,1,489,132,572,308,530.5,220.0,176.0,0.000,0.000,GREEN
491,1,491,132,571,305,531.0,218.5,173.0,0.000,0.000,GREEN
491,2,433,64,526,195,479.5,129.5,131.0,0.000,0.000,GREEN
492,1,491,132,571,305,531.0,218.5,173.0,0.000,0.000,GREEN
492,2,432,64,526,196,479.0,130.0,132.0,0.000,0.000,GREEN
493,2,433,64,526,195,479.5,129.5,131.0,0.000,0.000,GREEN
493,1,493,132,571,305,532.0,218.5,173.0,0.000,0.000,GREEN
494,1,492,131,571,306,531.5,218.5,175.0,0.000,0.000,GREEN
494,2,433,64,525,197,479.0,130.5,133.0,0.000,0.000,GREEN
495,1,493,129,572,306,532.5,217.5,177.0,0.850,0.340,YELLOW
495,2,433,64,523,202,478.0,133.0,138.0,0.000,0.000,GREEN
496,1,493,128,572,307,532.5,217.5,179.0,0.850,0.544,YELLOW
496,2,433,64,523,205,478.0,134.5,141.0,0.000,0.000,GREEN
497,2,433,64,523,204,478.0,134.0,140.0,0.000,0.000,GREEN
497,1,494,128,572,307,533.0,217.5,179.0,0.850,0.666,YELLOW
498,1,493,127,572,309,532.5,218.0,182.0,0.850,0.740,YELLOW
498,2,441,64,523,205,482.0,134.5,141.0,0.000,0.000,GREEN
499,1,490,126,573,308,531.5,217.0,182.0,0.850,0.784,YELLOW
499,2,433,63,523,205,478.0,134.0,142.0,0.000,0.000,GREEN
500,2,432,63,521,206,476.5,134.5,143.0,0.000,0.000,GREEN
500,1,477,127,572,310,524.5,218.5,183.0,0.000,0.470,RED
501,2,431,63,523,207,477.0,135.0,144.0,0.000,0.000,GREEN
501,1,475,125,573,308,524.0,216.5,183.0,0.000,0.282,GREEN
502,2,431,63,523,207,477.0,135.0,144.0,0.000,0.000,GREEN
502,1,474,125,573,308,523.5,216.5,183.0,0.000,0.169,GREEN
503,2,431,63,523,207,477.0,135.0,144.0,0.000,0.000,GREEN
503,1,486,121,573,309,529.5,215.0,188.0,0.000,0.102,GREEN
504,2,432,63,522,206,477.0,134.5,143.0,0.000,0.000,GREEN
504,1,490,121,573,309,531.5,215.0,188.0,0.000,0.061,GREEN
505,2,431,63,523,206,477.0,134.5,143.0,0.000,0.000,GREEN
505,1,497,119,573,309,535.0,214.0,190.0,0.000,0.037,GREEN
506,1,496,116,572,310,534.0,213.0,194.0,0.000,0.022,GREEN
506,2,430,63,523,211,476.5,137.0,148.0,0.000,0.000,GREEN
507,1,495,117,572,310,533.5,213.5,193.0,0.000,0.013,GREEN
507,2,430,63,523,211,476.5,137.0,148.0,0.000,0.000,GREEN
508,1,498,117,572,310,535.0,213.5,193.0,0.000,0.008,GREEN
508,2,431,63,524,215,477.5,139.0,152.0,0.000,0.000,GREEN
509,1,496,114,572,310,534.0,212.0,196.0,0.000,0.005,GREEN
509,2,433,63,524,211,478.5,137.0,148.0,0.000,0.000,GREEN
510,1,497,116,572,309,534.5,212.5,193.0,0.000,0.003,GREEN
510,2,431,61,526,211,478.5,136.0,150.0,0.000,0.000,GREEN
511,1,497,116,572,309,534.5,212.5,193.0,0.000,0.002,GREEN
511,2,431,60,527,220,479.0,140.0,160.0,0.000,0.000,GREEN
512,1,497,116,572,309,534.5,212.5,193.0,0.000,0.001,GREEN
512,2,431,60,527,220,479.0,140.0,160.0,0.000,0.000,GREEN
513,1,494,112,571,309,532.5,210.5,197.0,0.000,0.001,GREEN
513,2,437,60,528,218,482.5,139.0,158.0,0.000,0.000,GREEN
514,1,495,111,572,310,533.5,210.5,199.0,0.000,0.000,GREEN
514,2,434,59,530,233,482.0,146.0,174.0,0.000,0.000,GREEN
515,1,494,110,571,309,532.5,209.5,199.0,0.000,0.000,GREEN
515,2,436,58,532,233,484.0,145.5,175.0,0.000,0.000,GREEN
516,1,492,110,571,309,531.5,209.5,199.0,0.000,0.000,GREEN
516,2,437,57,533,240,485.0,148.5,183.0,0.000,0.000,GREEN
517,2,437,56,533,240,485.0,148.0,184.0,0.000,0.000,GREEN
517,1,493,110,571,309,532.0,209.5,199.0,0.000,0.000,GREEN
518,1,494,110,571,309,532.5,209.5,199.0,0.000,0.000,GREEN
518,2,438,55,532,233,485.0,144.0,178.0,0.000,0.000,GREEN
519,2,432,57,531,235,481.5,146.0,178.0,0.000,0.000,GREEN
519,1,470,113,571,310,520.5,211.5,197.0,0.000,0.000,GREEN
520,2,440,58,530,247,485.0,152.5,189.0,0.000,0.000,GREEN
520,1,488,110,572,311,530.0,210.5,201.0,0.000,0.000,GREEN
521,1,495,109,573,313,534.0,211.0,204.0,0.000,0.000,GREEN
521,2,434,60,531,236,482.5,148.0,176.0,0.000,0.000,GREEN
522,1,495,109,573,313,534.0,211.0,204.0,0.000,0.000,GREEN
522,2,434,60,531,237,482.5,148.5,177.0,0.000,0.000,GREEN
523,1,494,113,574,315,534.0,214.0,202.0,0.000,0.000,GREEN
523,2,446,60,531,211,488.5,135.5,151.0,0.000,0.000,GREEN
524,1,493,113,574,317,533.5,215.0,204.0,0.000,0.000,GREEN
524,2,450,60,530,206,490.0,133.0,146.0,0.000,0.000,GREEN
525,1,493,115,575,322,534.0,218.5,207.0,0.000,0.000,GREEN
525,2,455,61,531,203,493.0,132.0,142.0,0.000,0.000,GREEN
526,1,492,115,576,324,534.0,219.5,209.0,0.000,0.000,GREEN
526,2,456,61,531,206,493.5,133.5,145.0,0.000,0.000,GREEN
527,1,492,115,576,323,534.0,219.0,208.0,0.000,0.000,GREEN
527,2,456,61,531,206,493.5,133.5,145.0,0.000,0.000,GREEN
528,1,493,115,577,326,535.0,220.5,211.0,0.000,0.000,GREEN
528,2,457,62,530,228,493.5,145.0,166.0,0.000,0.000,GREEN
529,2,458,61,531,229,494.5,145.0,168.0,0.000,0.000,GREEN
529,1,482,115,579,326,530.5,220.5,211.0,0.000,0.000,GREEN
530,1,481,117,580,326,530.5,221.5,209.0,0.000,0.000,GREEN
530,2,461,62,576,211,518.5,136.5,149.0,0.000,0.000,GREEN
531,1,481,116,580,326,530.5,221.0,210.0,0.000,0.000,GREEN
531,2,458,64,534,237,496.0,150.5,173.0,0.000,0.000,GREEN
532,1,481,116,580,326,530.5,221.0,210.0,0.000,0.000,GREEN
532,2,457,63,534,241,495.5,152.0,178.0,0.000,0.000,GREEN
533,1,480,117,583,325,531.5,221.0,208.0,0.000,0.000,GREEN
533,2,461,66,534,254,497.5,160.0,188.0,0.000,0.000,GREEN
534,1,480,118,584,324,532.0,221.0,206.0,0.000,0.000,GREEN
534,2,465,65,575,191,520.0,128.0,126.0,0.000,0.000,GREEN
535,1,481,120,586,324,533.5,222.0,204.0,0.000,0.000,GREEN
535,2,457,68,542,234,499.5,151.0,166.0,0.000,0.000,GREEN
536,1,483,123,588,325,535.5,224.0,202.0,0.000,0.000,GREEN
536,2,464,70,551,234,507.5,152.0,164.0,0.000,0.000,GREEN
537,1,483,123,588,325,535.5,224.0,202.0,0.000,0.000,GREEN
537,2,463,70,552,234,507.5,152.0,164.0,0.000,0.000,GREEN
538,1,482,125,591,325,536.5,225.0,200.0,0.000,0.000,GREEN
538,2,463,72,553,236,508.0,154.0,164.0,0.000,0.000,GREEN
539,2,458,73,555,237,506.5,155.0,164.0,0.000,0.000,GREEN
539,1,489,127,593,324,541.0,225.5,197.0,0.000,0.000,GREEN
540,1,490,127,595,325,542.5,226.0,198.0,0.000,0.000,GREEN
540,2,467,74,553,207,510.0,140.5,133.0,0.000,0.000,GREEN
541,2,467,75,554,202,510.5,138.5,127.0,0.000,0.000,GREEN
541,1,493,129,598,325,545.5,227.0,196.0,0.000,0.000,GREEN
542,1,493,129,598,326,545.5,227.5,197.0,0.000,0.000,GREEN
542,2,467,75,554,203,510.5,139.0,128.0,0.000,0.000,GREEN
543,1,496,131,600,325,548.0,228.0,194.0,0.000,0.000,GREEN
543,2,464,76,554,267,509.0,171.5,191.0,0.000,0.000,GREEN
544,2,459,78,558,278,508.5,178.0,200.0,0.000,0.000,GREEN
544,1,498,130,619,324,558.5,227.0,194.0,0.000,0.000,GREEN
545,2,460,81,555,282,507.5,181.5,201.0,0.000,0.000,GREEN
546,2,461,85,556,289,508.5,187.0,204.0,0.000,0.000,GREEN
546,1,494,135,621,324,557.5,229.5,189.0,0.000,0.000,GREEN
547,2,460,85,556,289,508.0,187.0,204.0,0.000,0.000,GREEN
547,1,494,135,621,324,557.5,229.5,189.0,0.000,0.000,GREEN
548,2,459,88,555,299,507.0,193.5,211.0,0.000,0.000,GREEN
548,1,500,137,616,324,558.0,230.5,187.0,0.000,0.000,GREEN
549,1,504,136,611,328,557.5,232.0,192.0,0.000,0.000,GREEN
549,2,463,92,553,308,508.0,200.0,216.0,0.000,0.000,GREEN
550,1,506,139,612,326,559.0,232.5,187.0,0.000,0.000,GREEN
550,2,462,95,554,315,508.0,205.0,220.0,0.000,0.000,GREEN
551,1,508,141,614,327,561.0,234.0,186.0,0.000,0.000,GREEN
551,2,461,95,554,326,507.5,210.5,231.0,0.000,0.000,GREEN
552,2,461,95,554,326,507.5,210.5,231.0,0.000,0.000,GREEN
552,1,508,141,614,327,561.0,234.0,186.0,0.000,0.000,GREEN
553,1,509,141,616,327,562.5,234.0,186.0,0.250,0.100,GREEN
553,2,457,99,554,328,505.5,213.5,229.0,0.000,0.000,GREEN
554,2,457,101,555,329,506.0,215.0,228.0,0.000,0.000,GREEN
554,1,508,142,619,328,563.5,235.0,186.0,0.000,0.060,GREEN
555,1,508,144,620,327,564.0,235.5,183.0,0.000,0.036,GREEN
555,2,456,104,555,329,505.5,216.5,225.0,0.000,0.000,GREEN
556,1,508,147,619,332,563.5,239.5,185.0,0.000,0.022,GREEN
556,2,452,105,556,330,504.0,217.5,225.0,0.000,0.000,GREEN
557,1,508,147,619,332,563.5,239.5,185.0,0.000,0.013,GREEN
557,2,452,105,556,330,504.0,217.5,225.0,0.000,0.000,GREEN
558,2,451,106,554,330,502.5,218.0,224.0,0.000,0.000,GREEN
558,1,511,149,622,339,566.5,244.0,190.0,0.000,0.008,GREEN
559,2,453,109,554,330,503.5,219.5,221.0,0.000,0.000,GREEN
559,1,518,151,624,352,571.0,251.5,201.0,0.000,0.005,GREEN
560,2,453,112,555,329,504.0,220.5,217.0,0.000,0.000,GREEN
560,1,520,151,628,360,574.0,255.5,209.0,0.000,0.003,GREEN
561,2,453,113,556,327,504.5,220.0,214.0,0.000,0.000,GREEN
561,1,525,154,631,367,578.0,260.5,213.0,0.000,0.002,GREEN
562,1,525,154,631,366,578.0,260.0,212.0,0.000,0.001,GREEN
562,2,453,113,556,327,504.5,220.0,214.0,0.000,0.000,GREEN
563,2,451,115,557,326,504.0,220.5,211.0,0.000,0.000,GREEN
563,1,530,157,635,374,582.5,265.5,217.0,0.000,0.001,GREEN
564,2,451,118,557,328,504.0,223.0,210.0,0.000,0.000,GREEN
564,1,535,158,641,378,588.0,268.0,220.0,0.000,0.000,GREEN
565,2,450,121,556,327,503.0,224.0,206.0,0.000,0.000,GREEN
565,1,537,160,642,384,589.5,272.0,224.0,0.000,0.000,GREEN
566,2,453,123,555,328,504.0,225.5,205.0,0.000,0.000,GREEN
566,1,541,166,647,384,594.0,275.0,218.0,0.000,0.000,GREEN
567,1,541,166,647,384,594.0,275.0,218.0,0.000,0.000,GREEN
567,2,453,123,555,328,504.0,225.5,205.0,0.000,0.000,GREEN
568,2,455,126,555,328,505.0,227.0,202.0,0.000,0.000,GREEN
568,1,541,169,651,386,596.0,277.5,217.0,0.000,0.000,GREEN
569,1,543,179,654,386,598.5,282.5,207.0,0.000,0.000,GREEN
569,2,451,128,553,336,502.0,232.0,208.0,0.000,0.000,GREEN
570,1,540,179,661,387,600.5,283.0,208.0,0.000,0.000,GREEN
570,2,457,133,554,344,505.5,238.5,211.0,0.000,0.000,GREEN
571,1,539,181,667,388,603.0,284.5,207.0,0.000,0.000,GREEN
571,2,456,138,555,357,505.5,247.5,219.0,0.000,0.000,GREEN
572,1,539,181,667,388,603.0,284.5,207.0,0.000,0.000,GREEN
572,2,456,138,555,358,505.5,248.0,220.0,0.000,0.000,GREEN
573,1,539,184,670,390,604.5,287.0,206.0,0.000,0.000,GREEN
573,2,459,141,559,368,509.0,254.5,227.0,0.000,0.000,GREEN
574,2,455,145,560,376,507.5,260.5,231.0,0.000,0.000,GREEN
574,1,542,188,676,390,609.0,289.0,202.0,0.000,0.000,GREEN
575,2,457,149,563,379,510.0,264.0,230.0,0.000,0.000,GREEN
575,1,548,190,679,389,613.5,289.5,199.0,0.000,0.000,GREEN
576,2,458,156,566,382,512.0,269.0,226.0,0.000,0.000,GREEN
576,1,557,198,682,388,619.5,293.0,190.0,0.000,0.000,GREEN
577,2,457,156,566,382,511.5,269.0,226.0,0.000,0.000,GREEN
577,1,557,199,681,388,619.0,293.5,189.0,0.000,0.000,GREEN
578,2,463,158,571,384,517.0,271.0,226.0,0.000,0.000,GREEN
578,1,562,197,689,387,625.5,292.0,190.0,0.000,0.000,GREEN
579,1,563,199,695,387,629.0,293.0,188.0,0.000,0.000,GREEN
579,2,471,161,575,385,523.0,273.0,224.0,0.000,0.000,GREEN
580,2,472,164,580,387,526.0,275.5,223.0,0.000,0.000,GREEN
580,1,571,207,697,388,634.0,297.5,181.0,0.000,0.000,GREEN
581,2,473,166,585,393,529.0,279.5,227.0,0.000,0.000,GREEN
581,1,573,207,709,388,641.0,297.5,181.0,0.000,0.000,GREEN
582,1,573,207,709,388,641.0,297.5,181.0,0.000,0.000,GREEN
582,2,475,167,585,390,530.0,278.5,223.0,0.000,0.000,GREEN
583,1,571,210,716,388,643.5,299.0,178.0,0.000,0.000,GREEN
583,2,477,168,596,390,536.5,279.0,222.0,0.000,0.000,GREEN
584,1,572,214,721,385,646.5,299.5,171.0,0.000,0.000,GREEN
584,2,473,172,602,391,537.5,281.5,219.0,0.000,0.000,GREEN
585,1,569,216,725,385,647.0,300.5,169.0,0.000,0.000,GREEN
585,2,482,174,616,389,549.0,281.5,215.0,0.000,0.000,GREEN
586,2,487,179,613,390,550.0,284.5,211.0,0.000,0.000,GREEN
586,1,572,218,734,389,653.0,303.5,171.0,0.000,0.000,GREEN
587,1,572,218,734,389,653.0,303.5,171.0,0.000,0.000,GREEN
587,2,488,179,613,390,550.5,284.5,211.0,0.000,0.000,GREEN
588,2,488,182,616,391,552.0,286.5,209.0,0.000,0.000,GREEN
588,1,574,220,741,391,657.5,305.5,171.0,0.000,0.000,GREEN
589,1,574,221,742,394,658.0,307.5,173.0,0.000,0.000,GREEN
589,2,492,186,625,390,558.5,288.0,204.0,0.000,0.000,GREEN
590,1,575,224,749,395,662.0,309.5,171.0,0.000,0.000,GREEN
590,2,495,190,633,399,564.0,294.5,209.0,0.000,0.000,GREEN
591,1,572,229,751,395,661.5,312.0,166.0,0.000,0.000,GREEN
591,2,501,192,643,414,572.0,303.0,222.0,0.000,0.000,GREEN
592,1,572,229,751,395,661.5,312.0,166.0,0.000,0.000,GREEN
592,2,501,192,643,414,572.0,303.0,222.0,0.000,0.000,GREEN
593,1,577,231,755,395,666.0,313.0,164.0,0.000,0.000,GREEN
593,2,504,200,647,425,575.5,312.5,225.0,0.000,0.000,GREEN
594,1,581,231,761,396,671.0,313.5,165.0,0.000,0.000,GREEN
594,2,508,208,649,429,578.5,318.5,221.0,0.000,0.000,GREEN
595,2,509,213,653,430,581.0,321.5,217.0,0.000,0.000,GREEN
595,1,579,238,766,397,672.5,317.5,159.0,0.000,0.000,GREEN
596,1,578,240,766,401,672.0,320.5,161.0,0.000,0.000,GREEN
596,2,511,220,661,428,586.0,324.0,208.0,0.000,0.000,GREEN
597,2,511,220,661,428,586.0,324.0,208.0,0.000,0.000,GREEN
597,1,577,240,766,401,671.5,320.5,161.0,0.000,0.000,GREEN
598,1,581,240,767,407,674.0,323.5,167.0,0.000,0.000,GREEN
598,2,510,225,667,427,588.5,326.0,202.0,0.000,0.000,GREEN
599,2,509,227,676,429,592.5,328.0,202.0,0.000,0.000,GREEN
599,1,589,245,768,396,678.5,320.5,151.0,0.000,0.000,GREEN
600,2,510,232,685,430,597.5,331.0,198.0,0.000,0.000,GREEN
601,2,513,238,691,430,602.0,334.0,192.0,0.000,0.000,GREEN
602,2,514,238,691,430,602.5,334.0,192.0,0.000,0.000,GREEN
603,2,511,238,698,429,604.5,333.5,191.0,0.000,0.000,GREEN
604,2,514,245,706,429,610.0,337.0,184.0,0.000,0.000,GREEN
605,1,564,245,717,391,640.5,318.0,146.0,0.000,0.000,GREEN
606,1,643,252,768,396,705.5,324.0,144.0,0.000,0.000,GREEN
607,1,643,252,768,396,705.5,324.0,144.0,0.000,0.000,GREEN
608,1,656,257,768,398,712.0,327.5,141.0,0.000,0.000,GREEN
609,2,546,255,736,416,641.0,335.5,161.0,0.000,0.000,GREEN
610,2,562,256,767,422,664.5,339.0,166.0,0.000,0.000,GREEN
611,2,565,258,766,425,665.5,341.5,167.0,0.000,0.000,GREEN
612,2,565,258,766,425,665.5,341.5,167.0,0.000,0.000,GREEN
613,2,564,261,766,429,665.0,345.0,168.0,0.000,0.000,GREEN
615,1,691,267,768,429,729.5,348.0,162.0,0.000,0.000,GREEN
618,1,706,267,768,431,737.0,349.0,164.0,0.000,0.000,GREEN
619,2,624,271,768,426,696.0,348.5,155.0,0.000,0.000,GREEN
620,2,632,270,767,425,699.5,347.5,155.0,0.000,0.000,GREEN
