frame,track,x1,y1,x2,y2,cx,cy,height,score,level
2,1,504.6,81.9,577.9,233.5,541.3,157.7,151.7,0.000,GREEN
2,2,451.2,53.0,522.1,222.5,486.7,137.8,169.5,0.000,GREEN
3,2,451.4,53.5,521.1,220.6,486.3,137.1,167.1,0.000,GREEN
3,1,505.3,83.0,576.3,234.5,540.8,158.7,151.6,0.000,GREEN
4,2,450.5,52.9,520.2,220.5,485.3,136.7,167.6,0.000,GREEN
4,1,509.4,81.3,575.2,235.7,542.3,158.5,154.4,0.000,GREEN
5,2,450.8,52.2,519.9,220.7,485.4,136.4,168.5,0.000,GREEN
5,1,504.1,82.1,574.4,239.7,539.2,160.9,157.7,0.000,GREEN
6,2,451.9,51.5,522.0,222.6,486.9,137.1,171.1,0.000,GREEN
6,1,504.6,82.5,573.5,246.1,539.1,164.3,163.7,0.000,GREEN
7,2,451.8,51.6,521.9,223.0,486.9,137.3,171.4,0.000,GREEN
7,1,504.3,82.4,573.6,246.3,538.9,164.4,163.9,0.000,GREEN
8,1,501.5,81.9,572.2,248.9,536.8,165.4,167.0,0.000,GREEN
8,2,446.1,52.5,520.6,220.9,483.4,136.7,168.5,0.000,GREEN
9,2,445.8,52.7,520.5,219.4,483.2,136.1,166.7,0.000,GREEN
9,1,495.7,83.1,571.1,251.5,533.4,167.3,168.4,0.000,GREEN
10,1,496.4,82.0,570.7,257.4,533.6,169.7,175.4,0.000,GREEN
10,2,448.6,53.1,520.0,216.7,484.3,134.9,163.6,0.000,GREEN
11,2,449.2,53.2,520.1,220.2,484.6,136.7,166.9,0.000,GREEN
11,1,496.5,83.0,568.7,262.5,532.6,172.7,179.5,0.850,RED
12,2,449.2,53.2,520.1,220.2,484.7,136.7,167.0,0.000,GREEN
12,1,496.5,82.9,568.6,262.5,532.6,172.7,179.6,0.850,RED
13,2,452.8,53.1,520.5,219.8,486.6,136.4,166.7,0.000,GREEN
13,1,495.5,82.7,567.4,268.3,531.5,175.5,185.6,0.850,RED
14,1,498.8,81.9,565.6,272.4,532.2,177.1,190.5,0.850,RED
14,2,455.2,53.3,523.4,214.4,489.3,133.8,161.1,0.000,GREEN
15,2,454.9,53.0,523.0,211.6,489.0,132.3,158.6,0.000,GREEN
15,1,498.2,82.1,565.5,276.3,531.9,179.2,194.1,0.850,RED
16,1,496.2,84.1,566.2,277.4,531.2,180.7,193.4,0.850,RED
16,2,460.8,55.0,521.7,207.4,491.2,131.2,152.4,0.000,GREEN
17,1,496.2,84.0,566.2,277.4,531.2,180.7,193.4,0.850,RED
17,2,460.7,55.0,521.7,207.4,491.2,131.2,152.4,0.000,GREEN
18,2,459.6,55.1,522.8,209.7,491.2,132.4,154.6,0.000,GREEN
18,1,491.7,84.1,564.4,281.3,528.0,182.7,197.2,0.850,RED
19,2,460.4,53.1,524.2,210.0,492.3,131.6,156.9,0.000,GREEN
19,1,484.8,88.1,563.3,282.5,524.1,185.3,194.4,0.850,RED
20,1,477.8,90.4,559.8,284.1,518.8,187.2,193.7,0.000,GREEN
21,1,473.2,89.9,559.2,283.7,516.2,186.8,193.9,0.000,GREEN
22,1,473.2,90.1,559.2,283.7,516.2,186.9,193.6,0.000,GREEN
23,1,475.9,89.6,557.5,283.5,516.7,186.6,193.9,0.000,GREEN
24,1,475.1,90.3,557.4,282.9,516.2,186.6,192.6,0.000,GREEN
25,1,473.5,92.3,556.6,283.5,515.1,187.9,191.2,0.000,GREEN
26,1,474.3,91.8,554.5,283.2,514.4,187.5,191.4,0.000,GREEN
26,2,467.3,51.6,518.5,151.5,492.9,101.5,100.0,0.000,GREEN
27,2,467.2,51.5,518.5,151.6,492.9,101.5,100.0,0.000,GREEN
27,1,474.5,92.3,555.3,283.5,514.9,187.9,191.2,0.000,GREEN
28,2,467.6,51.7,518.8,154.5,493.2,103.1,102.8,0.000,GREEN
28,1,474.7,94.4,552.6,283.4,513.6,188.9,189.0,0.000,GREEN
29,1,474.5,94.5,549.0,283.1,511.8,188.8,188.6,0.000,GREEN
30,1,474.0,94.4,548.5,283.0,511.3,188.7,188.7,0.850,RED
31,1,473.9,96.1,546.7,282.6,510.3,189.4,186.5,0.850,RED
31,2,469.9,50.9,545.9,155.9,507.9,103.4,105.0,0.000,GREEN
32,2,469.8,50.9,545.9,155.9,507.9,103.4,105.0,0.000,GREEN
32,1,473.8,96.2,546.7,282.6,510.3,189.4,186.4,0.850,RED
33,2,469.9,51.4,546.6,160.0,508.2,105.7,108.6,0.000,GREEN
33,1,472.0,98.1,544.0,282.6,508.0,190.4,184.4,0.850,RED
34,1,471.3,97.1,544.9,282.5,508.1,189.8,185.3,0.850,RED
35,1,470.9,98.5,544.5,282.8,507.7,190.7,184.3,0.850,RED
36,1,471.0,99.3,542.2,283.2,506.6,191.3,183.8,0.850,RED
36,2,471.3,51.1,546.2,156.8,508.7,103.9,105.7,0.000,GREEN
37,2,471.8,50.8,546.0,156.3,508.9,103.6,105.5,0.000,GREEN
37,1,472.6,99.9,541.8,281.8,507.2,190.9,181.9,0.850,RED
38,2,472.2,50.9,545.9,160.0,509.1,105.5,109.0,0.000,GREEN
38,1,469.7,99.1,540.7,282.7,505.2,190.9,183.6,0.850,RED
39,1,468.3,99.2,539.8,282.5,504.0,190.8,183.3,0.850,RED
39,2,472.6,50.7,546.0,155.6,509.3,103.2,104.9,0.000,GREEN
40,2,472.4,50.7,546.3,156.6,509.4,103.6,105.9,0.000,GREEN
40,1,467.2,99.3,538.5,282.2,502.9,190.7,182.9,0.850,RED
41,2,472.3,51.0,546.9,156.6,509.6,103.8,105.7,0.000,GREEN
41,1,470.0,102.6,537.3,281.9,503.7,192.3,179.2,0.850,RED
42,1,469.9,102.7,537.3,281.9,503.6,192.3,179.2,0.850,RED
42,2,472.3,50.7,547.3,157.2,509.8,103.9,106.4,0.000,GREEN
43,2,471.8,50.5,546.5,156.5,509.1,103.5,106.0,0.000,GREEN
43,1,470.6,104.5,536.5,282.3,503.6,193.4,177.8,0.850,RED
44,2,471.7,50.1,546.7,152.7,509.2,101.4,102.6,0.000,GREEN
44,1,467.1,102.4,536.3,281.1,501.7,191.7,178.7,0.850,RED
45,2,470.6,50.0,547.1,153.8,508.9,101.9,103.8,0.000,GREEN
45,1,463.3,101.5,534.4,282.9,498.9,192.2,181.3,0.850,RED
46,2,470.6,50.1,547.2,157.4,508.9,103.7,107.3,0.000,GREEN
46,1,460.9,102.0,534.2,281.4,497.5,191.7,179.4,0.850,RED
47,2,470.6,50.0,547.2,157.7,508.9,103.8,107.6,0.000,GREEN
47,1,461.5,102.8,533.1,280.4,497.3,191.6,177.6,0.850,RED
48,2,470.6,49.7,546.6,158.1,508.6,103.9,108.4,0.000,GREEN
48,1,459.3,102.5,532.5,282.2,495.9,192.3,179.7,0.850,RED
49,2,471.0,50.0,545.9,154.9,508.5,102.4,105.0,0.000,GREEN
49,1,449.3,102.3,532.2,281.3,490.8,191.8,179.0,0.000,GREEN
50,2,471.5,49.5,546.8,151.4,509.1,100.4,101.8,0.000,GREEN
50,1,441.1,101.0,531.7,280.2,486.4,190.6,179.3,0.000,GREEN
51,2,471.5,48.7,546.6,150.5,509.0,99.6,101.8,0.000,GREEN
51,1,434.5,100.4,531.0,279.5,482.7,189.9,179.1,0.000,GREEN
52,1,434.2,100.5,530.9,279.6,482.6,190.0,179.0,0.000,GREEN
52,2,471.6,48.5,546.4,150.6,509.0,99.5,102.1,0.000,GREEN
53,2,471.6,47.6,545.8,149.9,508.7,98.8,102.3,0.000,GREEN
53,1,432.1,101.7,530.0,279.8,481.1,190.7,178.1,0.000,GREEN
54,2,471.4,48.1,545.0,148.8,508.2,98.4,100.8,0.000,GREEN
54,1,429.5,99.8,529.9,280.5,479.7,190.2,180.6,0.000,GREEN
55,1,429.2,98.5,528.8,281.8,479.0,190.1,183.3,0.000,GREEN
55,2,471.9,47.3,540.5,147.4,506.2,97.3,100.1,0.000,GREEN
56,1,428.8,97.6,527.9,282.3,478.4,189.9,184.7,0.000,GREEN
56,2,471.3,46.9,541.2,147.1,506.2,97.0,100.2,0.000,GREEN
57,1,428.8,97.6,527.8,282.3,478.3,190.0,184.7,0.000,GREEN
57,2,471.8,46.9,539.1,145.7,505.4,96.3,98.8,0.000,GREEN
58,1,429.3,97.0,526.6,281.9,477.9,189.4,184.9,0.000,GREEN
58,2,471.0,46.5,538.2,146.3,504.6,96.4,99.8,0.000,GREEN
59,1,430.0,95.9,525.5,281.8,477.8,188.8,185.9,0.000,GREEN
59,2,471.5,45.7,536.9,144.5,504.2,95.1,98.8,0.000,GREEN
60,1,429.9,94.9,524.1,281.2,477.0,188.1,186.3,0.000,GREEN
60,2,471.3,45.6,534.3,143.6,502.8,94.6,98.1,0.000,GREEN
61,1,429.3,94.5,522.9,280.8,476.1,187.7,186.3,0.000,GREEN
61,2,471.6,44.8,535.9,147.2,503.7,96.0,102.4,0.000,GREEN
62,1,429.2,94.5,522.9,280.9,476.1,187.7,186.4,0.000,GREEN
62,2,471.6,44.7,536.0,146.8,503.8,95.8,102.1,0.000,GREEN
63,1,430.1,94.6,522.6,281.0,476.4,187.8,186.4,0.000,GREEN
63,2,472.5,44.4,537.0,142.6,504.8,93.5,98.2,0.000,GREEN
64,1,429.7,93.2,522.4,280.7,476.0,187.0,187.5,0.000,GREEN
64,2,471.8,42.6,538.7,149.3,505.3,95.9,106.7,0.000,GREEN
65,1,430.5,91.3,521.9,281.0,476.2,186.2,189.8,0.000,GREEN
65,2,471.9,42.5,538.8,144.1,505.3,93.3,101.6,0.000,GREEN
66,1,432.1,90.4,521.3,281.1,476.7,185.8,190.7,0.000,GREEN
66,2,471.3,41.9,537.5,149.8,504.4,95.9,107.9,0.000,GREEN
67,2,471.3,41.8,537.4,149.6,504.4,95.7,107.7,0.000,GREEN
67,1,429.2,89.6,521.2,281.4,475.2,185.5,191.9,0.000,GREEN
68,1,427.7,89.6,520.8,281.9,474.2,185.7,192.3,0.000,GREEN
68,2,471.6,41.3,533.1,145.8,502.3,93.6,104.5,0.000,GREEN
69,1,429.6,89.8,520.4,282.4,475.0,186.1,192.6,0.000,GREEN
69,2,471.6,40.8,534.2,148.0,502.9,94.4,107.2,0.000,GREEN
70,1,429.3,89.6,520.0,282.1,474.6,185.9,192.5,0.000,GREEN
70,2,471.7,39.9,533.2,150.9,502.4,95.4,111.0,0.000,GREEN
71,1,427.2,89.0,520.4,282.6,473.8,185.8,193.6,0.000,GREEN
71,2,471.2,39.2,531.0,151.0,501.1,95.1,111.8,0.000,GREEN
72,2,471.2,39.3,531.0,151.1,501.1,95.2,111.9,0.000,GREEN
72,1,427.0,89.1,520.3,282.6,473.7,185.9,193.5,0.000,GREEN
73,1,427.3,88.6,520.0,282.4,473.7,185.5,193.8,0.000,GREEN
73,2,471.4,38.7,528.1,151.4,499.8,95.1,112.7,0.000,GREEN
74,1,431.9,88.8,519.3,281.4,475.6,185.1,192.6,0.000,GREEN
74,2,471.4,37.7,527.2,156.0,499.3,96.8,118.3,0.000,GREEN
75,1,432.1,88.8,518.9,280.7,475.5,184.8,191.9,0.000,GREEN
75,2,471.0,37.4,526.6,155.4,498.8,96.4,118.0,0.000,GREEN
76,1,430.0,88.7,518.7,280.8,474.4,184.7,192.0,0.000,GREEN
76,2,471.2,37.6,524.7,154.3,497.9,96.0,116.7,0.000,GREEN
77,1,430.0,88.7,518.7,280.7,474.4,184.7,192.0,0.000,GREEN
77,2,471.2,37.6,524.6,154.2,497.9,95.9,116.5,0.000,GREEN
78,2,471.0,37.3,524.7,154.4,497.8,95.9,117.1,0.000,GREEN
78,1,426.0,88.5,519.2,281.8,472.6,185.2,193.4,0.000,GREEN
79,1,425.4,88.7,519.2,281.5,472.3,185.1,192.8,0.000,GREEN
79,2,470.8,37.0,524.5,153.6,497.6,95.3,116.6,0.000,GREEN
80,1,425.6,88.9,519.3,280.7,472.5,184.8,191.8,0.000,GREEN
80,2,470.7,36.7,524.8,152.4,497.8,94.5,115.7,0.000,GREEN
81,1,425.9,87.9,519.6,281.4,472.7,184.7,193.5,0.000,GREEN
81,2,470.2,37.0,524.5,142.6,497.3,89.8,105.6,0.000,GREEN
82,1,425.9,87.9,519.6,281.4,472.8,184.6,193.5,0.000,GREEN
82,2,470.2,37.2,524.6,142.3,497.4,89.7,105.1,0.000,GREEN
83,1,425.9,87.3,519.7,281.4,472.8,184.3,194.0,0.000,GREEN
83,2,471.1,36.6,524.3,135.7,497.7,86.2,99.1,0.000,GREEN
84,2,471.2,36.6,524.2,136.8,497.7,86.7,100.2,0.000,GREEN
84,1,426.6,86.9,519.9,280.3,473.3,183.6,193.4,0.000,GREEN
85,1,425.8,86.8,519.7,280.0,472.8,183.4,193.2,0.000,GREEN
85,2,471.5,36.7,524.1,137.7,497.8,87.2,101.0,0.000,GREEN
86,1,425.1,87.2,519.6,282.2,472.3,184.7,195.0,0.000,GREEN
86,2,470.7,37.1,524.5,132.2,497.6,84.6,95.1,0.000,GREEN
87,2,470.8,37.1,524.5,132.2,497.6,84.6,95.2,0.000,GREEN
87,1,425.4,87.2,519.5,282.2,472.5,184.7,195.0,0.000,GREEN
88,1,425.2,87.0,519.5,285.4,472.4,186.2,198.3,0.000,GREEN
88,2,470.4,36.6,524.4,137.0,497.4,86.8,100.4,0.000,GREEN
89,1,425.0,87.9,519.4,286.1,472.2,187.0,198.2,0.000,GREEN
89,2,470.5,36.7,524.7,133.1,497.6,84.9,96.4,0.000,GREEN
90,1,424.9,87.6,519.3,287.3,472.1,187.5,199.7,0.000,GREEN
90,2,470.4,36.0,524.9,136.9,497.7,86.4,100.9,0.000,GREEN
91,1,425.2,87.7,518.8,288.3,472.0,188.0,200.7,0.000,GREEN
91,2,470.4,35.3,524.8,139.2,497.6,87.3,104.0,0.000,GREEN
92,1,425.0,87.8,518.8,288.3,471.9,188.1,200.5,0.000,GREEN
92,2,470.6,35.2,525.1,139.2,497.9,87.2,104.0,0.000,GREEN
93,1,425.0,88.0,518.7,289.2,471.9,188.6,201.1,0.000,GREEN
93,2,470.6,35.0,525.2,135.5,497.9,85.3,100.6,0.000,GREEN
94,1,425.0,87.7,518.6,292.5,471.8,190.1,204.7,0.000,GREEN
94,2,470.5,35.0,525.4,137.4,497.9,86.2,102.3,0.000,GREEN
95,1,425.3,88.2,518.2,294.5,471.8,191.3,206.3,0.000,GREEN
95,2,470.4,34.9,525.1,138.7,497.8,86.8,103.8,0.000,GREEN
96,2,470.5,34.8,525.1,139.0,497.8,86.9,104.2,0.000,GREEN
96,1,425.2,88.5,518.5,296.1,471.8,192.3,207.5,0.000,GREEN
97,2,470.6,34.9,525.5,139.0,498.0,86.9,104.2,0.000,GREEN
97,1,424.8,87.4,518.7,296.5,471.8,192.0,209.1,0.000,GREEN
98,1,425.0,87.1,518.8,297.0,471.9,192.1,209.9,0.000,GREEN
98,2,470.7,35.0,525.3,141.0,498.0,88.0,106.0,0.000,GREEN
99,1,424.9,87.7,519.4,297.5,472.1,192.6,209.8,0.000,GREEN
99,2,470.7,35.6,525.4,137.7,498.1,86.7,102.0,0.000,GREEN
100,1,424.8,88.0,519.6,297.1,472.2,192.5,209.1,0.000,GREEN
100,2,470.8,35.7,525.9,137.1,498.3,86.4,101.4,0.000,GREEN
101,2,470.8,35.5,526.0,136.4,498.4,85.9,100.9,0.000,GREEN
101,1,425.6,89.5,520.0,295.9,472.8,192.7,206.4,0.000,GREEN
102,1,425.6,89.5,520.1,295.9,472.9,192.7,206.5,0.000,GREEN
102,2,470.8,35.2,526.4,136.9,498.6,86.1,101.7,0.000,GREEN
103,1,425.3,89.3,520.1,296.1,472.7,192.7,206.8,0.000,GREEN
103,2,470.7,35.2,526.5,137.8,498.6,86.5,102.6,0.000,GREEN
104,1,425.1,89.9,520.0,295.7,472.5,192.8,205.9,0.000,GREEN
104,2,470.7,35.1,526.6,136.7,498.6,85.9,101.6,0.000,GREEN
105,2,470.6,35.2,526.5,136.2,498.5,85.7,101.0,0.000,GREEN
105,1,425.2,90.3,520.9,295.2,473.1,192.7,204.9,0.000,GREEN
106,1,425.7,91.4,521.0,294.9,473.3,193.1,203.5,0.000,GREEN
106,2,470.5,34.7,527.0,135.3,498.7,85.0,100.6,0.000,GREEN
107,1,425.6,91.3,521.0,294.9,473.3,193.1,203.7,0.000,GREEN
107,2,470.5,34.6,526.7,135.2,498.6,84.9,100.6,0.000,GREEN
108,1,426.3,92.5,520.9,295.5,473.6,194.0,203.0,0.000,GREEN
108,2,470.3,34.7,526.4,137.1,498.3,85.9,102.4,0.000,GREEN
109,1,426.3,92.0,521.7,296.0,474.0,194.0,204.0,0.000,GREEN
109,2,470.4,34.6,527.1,135.5,498.7,85.1,100.9,0.000,GREEN
110,2,470.5,34.5,527.3,134.3,498.9,84.4,99.7,0.000,GREEN
110,1,426.1,93.1,523.1,296.3,474.6,194.7,203.2,0.000,GREEN
111,2,469.8,34.6,527.1,134.5,498.4,84.5,99.9,0.000,GREEN
111,1,426.4,93.5,524.9,296.7,475.7,195.1,203.3,0.000,GREEN
112,1,426.3,93.7,525.0,296.6,475.6,195.2,202.9,0.000,GREEN
112,2,469.7,34.6,526.9,134.1,498.3,84.3,99.5,0.000,GREEN
113,1,426.5,95.0,525.5,297.1,476.0,196.0,202.1,0.000,GREEN
113,2,468.1,34.8,528.1,132.8,498.1,83.8,98.0,0.000,GREEN
114,2,469.3,34.9,528.3,131.9,498.8,83.4,97.0,0.000,GREEN
114,1,427.4,96.5,526.9,294.7,477.1,195.6,198.2,0.000,GREEN
115,1,428.9,96.9,527.4,295.1,478.1,196.0,198.2,0.000,GREEN
115,2,464.4,34.8,527.5,132.9,496.0,83.9,98.1,0.000,GREEN
116,1,428.0,98.6,527.8,298.3,477.9,198.5,199.7,0.000,GREEN
116,2,445.8,35.1,527.7,141.0,486.7,88.0,105.9,0.000,GREEN
117,1,428.1,98.7,527.8,298.3,478.0,198.5,199.6,0.000,GREEN
117,2,446.0,35.0,527.7,141.2,486.9,88.1,106.2,0.000,GREEN
118,1,428.8,96.8,529.1,296.5,478.9,196.7,199.7,0.000,GREEN
118,2,443.1,34.5,528.1,144.3,485.6,89.4,109.9,0.000,GREEN
119,1,428.3,98.1,530.2,297.2,479.2,197.6,199.1,0.000,GREEN
119,2,444.2,34.6,528.6,140.8,486.4,87.7,106.3,0.000,GREEN
120,1,430.6,98.7,529.6,298.3,480.1,198.5,199.6,0.000,GREEN
120,2,469.5,34.2,529.0,136.3,499.2,85.2,102.1,0.000,GREEN
121,1,432.2,100.7,530.5,298.8,481.4,199.7,198.1,0.000,GREEN
121,2,444.0,34.9,528.4,147.6,486.2,91.3,112.6,0.000,GREEN
122,2,444.1,34.9,528.4,147.5,486.2,91.2,112.6,0.000,GREEN
122,1,432.6,100.8,530.6,298.7,481.6,199.8,197.9,0.000,GREEN
123,1,429.3,100.3,531.8,299.6,480.5,200.0,199.3,0.000,GREEN
123,2,445.0,33.6,530.0,144.5,487.5,89.0,110.9,0.000,GREEN
124,1,430.3,99.9,532.8,299.8,481.5,199.9,199.9,0.000,GREEN
124,2,444.4,33.5,530.8,147.9,487.6,90.7,114.4,0.000,GREEN
125,2,443.5,33.3,530.6,147.9,487.1,90.6,114.6,0.000,GREEN
125,1,433.6,100.5,533.4,299.3,483.5,199.9,198.7,0.000,GREEN
126,1,458.8,109.2,533.1,298.6,495.9,203.9,189.4,0.000,GREEN
126,2,441.1,33.4,530.3,197.4,485.7,115.4,164.1,0.000,GREEN
127,2,441.0,33.4,530.3,197.5,485.6,115.4,164.1,0.000,GREEN
127,1,456.5,109.1,533.0,298.3,494.8,203.7,189.3,0.000,GREEN
128,2,442.5,33.5,529.6,155.6,486.1,94.5,122.0,0.000,GREEN
128,1,431.3,102.7,534.9,297.5,483.1,200.1,194.8,0.000,GREEN
129,1,428.6,101.6,536.4,297.2,482.5,199.4,195.5,0.000,GREEN
129,2,438.8,33.8,529.2,158.9,484.0,96.3,125.1,0.000,GREEN
130,1,428.4,101.7,537.3,297.2,482.8,199.4,195.5,0.000,GREEN
130,2,440.0,33.9,529.4,156.3,484.7,95.1,122.4,0.000,GREEN
131,2,439.8,33.9,529.8,154.9,484.8,94.4,121.0,0.000,GREEN
131,1,428.8,103.7,538.1,297.5,483.5,200.6,193.8,0.000,GREEN
132,1,428.6,103.7,538.1,297.7,483.4,200.7,193.9,0.000,GREEN
132,2,439.8,33.7,529.9,155.0,484.8,94.4,121.3,0.000,GREEN
133,1,428.5,105.7,539.6,298.3,484.1,202.0,192.7,0.000,GREEN
133,2,438.9,33.6,529.8,160.1,484.4,96.8,126.5,0.000,GREEN
134,1,427.7,106.5,540.9,297.7,484.3,202.1,191.2,0.000,GREEN
134,2,473.6,32.8,532.3,131.9,502.9,82.4,99.1,0.000,GREEN
135,1,428.4,105.8,542.8,298.6,485.6,202.2,192.9,0.000,GREEN
135,2,474.0,33.1,532.8,128.1,503.4,80.6,95.0,0.000,GREEN
136,1,426.3,102.2,543.0,298.0,484.7,200.1,195.8,0.000,GREEN
136,2,440.5,32.9,530.1,157.2,485.3,95.0,124.3,0.000,GREEN
137,1,426.4,102.2,543.1,298.0,484.7,200.1,195.8,0.000,GREEN
137,2,440.7,32.9,530.1,157.0,485.4,95.0,124.1,0.000,GREEN
138,1,427.2,104.7,544.7,297.7,485.9,201.2,193.0,0.000,GREEN
138,2,442.6,33.1,533.6,158.4,488.1,95.8,125.3,0.000,GREEN
139,1,426.8,106.9,547.1,294.5,486.9,200.7,187.6,0.000,GREEN
139,2,446.8,33.0,532.1,156.9,489.5,94.9,124.0,0.000,GREEN
140,1,426.3,108.3,548.0,295.7,487.2,202.0,187.3,0.000,GREEN
140,2,443.9,33.6,533.8,161.6,488.9,97.6,128.0,0.000,GREEN
141,1,425.8,109.2,549.1,295.7,487.5,202.4,186.4,0.000,GREEN
141,2,451.9,33.9,528.7,158.7,490.3,96.3,124.8,0.000,GREEN
142,1,426.0,109.1,549.1,295.7,487.5,202.4,186.6,0.000,GREEN
142,2,451.9,33.9,529.0,158.7,490.5,96.3,124.8,0.000,GREEN
143,1,425.9,110.0,551.3,297.0,488.6,203.5,187.0,0.000,GREEN
143,2,457.0,34.2,531.3,161.1,494.2,97.7,126.8,0.000,GREEN
144,1,425.9,111.7,552.2,296.8,489.1,204.3,185.1,0.000,GREEN
145,1,428.9,113.3,552.8,295.8,490.8,204.6,182.5,0.000,GREEN
146,1,438.1,115.6,553.4,297.4,495.8,206.5,181.8,0.000,GREEN
147,1,438.3,115.6,553.4,297.3,495.9,206.5,181.7,0.000,GREEN
148,1,438.0,116.4,554.0,297.6,496.0,207.0,181.3,0.000,GREEN
149,1,429.9,117.7,554.8,297.1,492.3,207.4,179.4,0.000,GREEN
150,1,428.7,118.5,555.4,296.9,492.1,207.7,178.4,0.000,GREEN
151,1,425.3,118.7,556.0,295.9,490.6,207.3,177.2,0.000,GREEN
152,1,425.3,118.5,555.9,296.2,490.6,207.3,177.7,0.000,GREEN
153,1,427.2,119.1,556.4,296.9,491.8,208.0,177.8,0.000,GREEN
154,1,425.8,119.1,556.6,296.8,491.2,207.9,177.7,0.000,GREEN
155,1,427.2,119.6,556.9,294.7,492.0,207.1,175.1,0.000,GREEN
156,1,427.8,119.7,557.0,295.5,492.4,207.6,175.8,0.000,GREEN
157,1,427.8,119.7,556.9,295.6,492.3,207.6,175.9,0.000,GREEN
158,1,429.9,120.8,556.9,296.7,493.4,208.8,175.9,0.000,GREEN
158,2,440.7,32.1,528.9,229.1,484.8,130.6,197.1,0.000,GREEN
159,1,430.2,122.0,557.1,298.0,493.7,210.0,175.9,0.000,GREEN
159,2,442.2,32.4,529.4,230.2,485.8,131.3,197.8,0.000,GREEN
160,2,442.2,32.5,528.8,233.8,485.5,133.2,201.4,0.000,GREEN
160,1,432.5,123.3,557.1,299.9,494.8,211.6,176.6,0.000,GREEN
161,1,432.6,123.5,557.3,303.3,495.0,213.4,179.8,0.000,GREEN
162,1,433.9,123.8,557.2,303.4,495.6,213.6,179.6,0.000,GREEN
163,1,438.3,125.3,557.1,305.6,497.7,215.5,180.3,0.000,GREEN
163,2,409.0,132.9,461.8,309.4,435.4,221.2,176.5,0.000,GREEN
164,1,437.9,125.1,557.1,311.1,497.5,218.1,186.0,0.000,GREEN
164,2,409.2,131.9,463.9,309.6,436.5,220.8,177.7,0.000,GREEN
165,1,443.5,126.1,557.1,316.2,500.3,221.1,190.1,0.000,GREEN
165,2,444.8,32.0,529.6,236.8,487.2,134.4,204.8,0.000,GREEN
166,1,444.1,126.2,556.9,312.8,500.5,219.5,186.6,0.000,GREEN
166,2,446.7,32.2,530.7,227.4,488.7,129.8,195.2,0.000,GREEN
167,1,443.7,126.1,556.9,312.1,500.3,219.1,186.0,0.000,GREEN
167,2,446.5,32.2,531.2,226.8,488.8,129.5,194.7,0.000,GREEN
168,1,438.4,127.2,556.6,310.8,497.5,219.0,183.6,0.000,GREEN
168,2,440.5,32.0,530.9,222.6,485.7,127.3,190.6,0.000,GREEN
169,2,445.2,31.7,530.0,221.5,487.6,126.6,189.8,0.000,GREEN
169,1,444.3,129.2,556.7,304.5,500.5,216.9,175.3,0.000,GREEN
170,2,450.3,32.1,531.0,219.3,490.6,125.7,187.3,0.000,GREEN
170,1,469.7,130.7,556.3,309.8,513.0,220.3,179.1,0.000,GREEN
171,2,450.2,32.6,531.4,214.9,490.8,123.7,182.3,0.000,GREEN
171,1,472.6,131.7,555.0,297.7,513.8,214.7,166.0,0.000,GREEN
172,2,450.3,32.5,531.0,215.0,490.7,123.7,182.5,0.000,GREEN
172,1,472.4,131.8,555.1,298.2,513.8,215.0,166.4,0.000,GREEN
173,2,452.0,32.5,530.8,214.2,491.4,123.4,181.7,0.000,GREEN
173,1,474.8,132.4,554.8,291.6,514.8,212.0,159.3,0.000,GREEN
174,2,450.8,32.5,530.5,212.4,490.7,122.4,179.9,0.000,GREEN
174,1,473.6,134.0,553.9,288.5,513.8,211.3,154.5,0.000,GREEN
175,2,450.6,32.4,529.4,217.0,490.0,124.7,184.6,0.000,GREEN
175,1,468.9,135.2,553.5,290.8,511.2,213.0,155.5,0.000,GREEN
176,1,465.9,136.0,552.9,291.7,509.4,213.8,155.7,0.000,GREEN
176,2,450.0,32.2,529.0,225.1,489.5,128.7,192.9,0.000,GREEN
177,1,466.7,135.9,552.9,291.8,509.8,213.9,155.8,0.000,GREEN
177,2,450.0,32.3,528.3,224.7,489.2,128.5,192.4,0.000,GREEN
178,1,465.9,135.9,552.7,294.2,509.3,215.0,158.3,0.000,GREEN
178,2,451.1,34.5,525.8,231.2,488.4,132.9,196.7,0.000,GREEN
179,2,451.3,34.5,525.4,230.1,488.4,132.3,195.6,0.000,GREEN
179,1,461.5,135.9,552.0,309.7,506.8,222.8,173.8,0.000,GREEN
180,1,463.0,137.6,551.9,308.9,507.4,223.3,171.3,0.000,GREEN
180,2,452.8,33.0,528.9,230.2,490.9,131.6,197.2,0.000,GREEN
181,1,453.8,137.4,550.8,318.0,502.3,227.7,180.6,0.000,GREEN
181,2,454.7,33.8,526.6,147.8,490.6,90.8,114.0,0.000,GREEN
182,1,453.7,137.4,550.8,318.9,502.2,228.1,181.5,0.000,GREEN
182,2,454.9,34.0,528.0,147.1,491.5,90.6,113.1,0.000,GREEN
183,2,454.4,33.7,526.1,145.6,490.3,89.7,111.9,0.000,GREEN
183,1,450.5,139.0,549.4,309.4,499.9,224.2,170.4,0.000,GREEN
184,2,455.7,33.8,526.6,146.4,491.1,90.1,112.6,0.000,GREEN
184,1,454.8,139.7,549.1,315.5,501.9,227.6,175.8,0.000,GREEN
185,2,456.6,33.9,527.2,148.5,491.9,91.2,114.6,0.000,GREEN
185,1,451.2,140.5,548.9,314.6,500.0,227.6,174.1,0.850,RED
186,2,456.0,33.9,527.1,149.0,491.5,91.5,115.1,0.000,GREEN
186,1,448.2,141.1,548.1,312.6,498.1,226.9,171.4,0.850,RED
187,2,455.5,33.9,526.8,149.1,491.2,91.5,115.2,0.000,GREEN
187,1,448.1,140.9,548.1,310.5,498.1,225.7,169.6,1.000,RED
188,1,457.4,141.6,547.8,297.2,502.6,219.4,155.6,0.850,RED
188,2,448.2,33.4,526.0,232.5,487.1,132.9,199.1,0.000,GREEN
189,2,447.9,33.2,525.2,236.5,486.6,134.9,203.4,0.000,GREEN
189,1,446.5,140.4,547.0,311.3,496.7,225.9,170.8,0.850,RED
190,1,446.0,140.0,546.8,314.7,496.4,227.3,174.7,0.850,RED
190,2,446.4,32.2,525.7,244.5,486.1,138.3,212.3,0.000,GREEN
191,1,445.5,139.6,546.1,317.3,495.8,228.4,177.8,0.850,RED
191,2,453.2,34.3,527.3,150.3,490.3,92.3,116.0,0.000,GREEN
192,2,453.2,34.3,527.2,150.3,490.2,92.3,116.0,0.000,GREEN
192,1,445.5,139.7,546.1,318.1,495.8,228.9,178.4,0.850,RED
193,2,453.0,34.5,527.2,149.2,490.1,91.9,114.8,0.000,GREEN
193,1,442.6,138.5,546.4,317.8,494.5,228.1,179.3,0.850,RED
194,2,452.9,34.6,527.1,149.4,490.0,92.0,114.8,0.000,GREEN
194,1,440.3,138.1,545.9,318.2,493.1,228.1,180.1,0.850,RED
195,2,452.6,34.7,526.9,149.7,489.8,92.2,115.0,0.000,GREEN
195,1,436.8,138.3,545.6,321.8,491.2,230.1,183.5,0.000,GREEN
196,2,452.7,34.8,527.6,150.4,490.1,92.6,115.7,0.000,GREEN
196,1,437.0,138.9,545.4,324.2,491.2,231.5,185.3,0.000,GREEN
197,1,437.0,138.3,545.4,323.9,491.2,231.1,185.6,0.000,GREEN
197,2,452.6,34.7,528.0,150.9,490.3,92.8,116.2,0.000,GREEN
198,2,452.4,35.0,527.3,150.5,489.9,92.7,115.5,0.000,GREEN
198,1,437.8,138.9,545.0,327.7,491.4,233.3,188.9,0.000,GREEN
199,2,452.7,34.9,529.2,151.7,491.0,93.3,116.9,0.000,GREEN
199,1,436.5,138.4,543.8,332.2,490.2,235.3,193.9,0.000,GREEN
200,2,453.3,34.9,530.5,151.7,491.9,93.3,116.8,0.000,GREEN
200,1,436.8,138.1,544.0,337.5,490.4,237.8,199.4,0.000,GREEN
201,1,437.0,138.4,543.9,341.6,490.4,240.0,203.1,0.000,GREEN
201,2,453.3,34.9,531.6,153.1,492.5,94.0,118.3,0.000,GREEN
202,1,437.2,138.7,543.9,341.6,490.5,240.2,202.9,0.000,GREEN
202,2,453.3,34.7,531.5,153.8,492.4,94.3,119.0,0.000,GREEN
203,2,453.0,34.9,531.3,154.8,492.2,94.8,119.9,0.000,GREEN
203,1,437.2,138.8,544.4,345.4,490.8,242.1,206.6,0.000,GREEN
204,1,437.1,139.0,544.4,347.8,490.8,243.4,208.8,0.000,GREEN
204,2,452.8,34.8,531.5,156.9,492.1,95.8,122.1,0.000,GREEN
205,1,437.2,140.8,544.7,349.7,491.0,245.3,208.9,0.000,GREEN
205,2,452.0,34.7,531.4,158.6,491.7,96.7,123.9,0.000,GREEN
206,1,436.9,142.0,545.0,350.9,491.0,246.5,208.9,0.000,GREEN
206,2,448.6,34.6,537.6,224.6,493.1,129.6,190.0,0.000,GREEN
207,1,436.9,142.0,545.2,351.0,491.1,246.5,209.0,0.000,GREEN
207,2,448.5,34.5,537.5,227.0,493.0,130.7,192.4,0.000,GREEN
208,1,437.0,141.2,545.5,351.4,491.3,246.3,210.2,0.000,GREEN
209,1,437.3,141.0,546.1,351.6,491.7,246.3,210.6,0.000,GREEN
210,1,437.4,143.0,546.6,351.1,492.0,247.0,208.1,0.000,GREEN
211,1,437.4,143.7,547.0,350.7,492.2,247.2,207.0,0.000,GREEN
212,1,437.4,143.8,546.9,350.6,492.2,247.2,206.8,0.000,GREEN
213,1,437.1,145.6,547.7,350.7,492.4,248.1,205.0,0.000,GREEN
214,1,436.9,145.6,548.0,350.8,492.5,248.2,205.3,0.000,GREEN
214,2,441.4,33.2,531.9,157.9,486.7,95.5,124.7,0.000,GREEN
215,1,436.4,146.1,548.2,350.4,492.3,248.2,204.4,0.000,GREEN
215,2,441.3,32.9,533.6,160.8,487.5,96.9,128.0,0.000,GREEN
216,1,436.5,146.4,548.8,350.4,492.6,248.4,204.0,0.000,GREEN
216,2,465.8,33.2,534.4,160.8,500.1,97.0,127.7,0.000,GREEN
217,1,436.5,146.5,548.9,350.3,492.7,248.4,203.8,0.000,GREEN
217,2,441.6,33.1,534.2,159.8,487.9,96.5,126.7,0.000,GREEN
218,1,436.3,147.4,549.2,350.5,492.8,248.9,203.1,0.000,GREEN
218,2,441.7,32.6,534.8,159.0,488.3,95.8,126.4,0.000,GREEN
219,1,436.1,147.2,550.0,349.7,493.0,248.4,202.4,0.000,GREEN
219,2,452.8,32.8,534.1,156.2,493.5,94.5,123.4,0.000,GREEN
220,1,435.9,146.5,550.4,349.9,493.2,248.2,203.4,0.000,GREEN
220,2,444.0,32.6,534.2,155.3,489.1,94.0,122.7,0.000,GREEN
221,1,436.0,146.7,550.8,350.5,493.4,248.6,203.9,0.000,GREEN
221,2,440.3,32.1,530.8,154.2,485.6,93.1,122.1,0.000,GREEN
222,1,436.0,146.6,550.8,350.5,493.4,248.5,203.9,0.000,GREEN
222,2,440.3,32.0,530.7,154.3,485.5,93.2,122.3,0.000,GREEN
223,1,435.7,147.7,551.0,350.7,493.3,249.2,203.0,0.000,GREEN
223,2,441.6,32.3,534.5,155.4,488.1,93.8,123.1,0.000,GREEN
224,1,435.0,148.6,551.2,350.2,493.1,249.4,201.6,0.000,GREEN
224,2,443.3,32.1,534.9,157.3,489.1,94.7,125.2,0.000,GREEN
225,2,441.8,32.1,534.7,157.6,488.2,94.8,125.5,0.000,GREEN
225,1,434.3,150.5,552.0,349.6,493.1,250.0,199.1,0.000,GREEN
226,1,434.3,151.4,552.6,349.1,493.4,250.2,197.7,0.000,GREEN
226,2,442.2,31.7,531.9,157.4,487.0,94.5,125.7,0.000,GREEN
227,2,442.2,31.7,531.8,157.2,487.0,94.4,125.5,0.000,GREEN
227,1,434.4,151.2,552.6,348.7,493.5,250.0,197.4,0.000,GREEN
228,1,434.8,152.5,553.3,348.5,494.1,250.5,196.0,0.000,GREEN
228,2,442.8,31.6,532.6,157.9,487.7,94.8,126.3,0.000,GREEN
229,2,443.3,31.6,532.2,157.9,487.8,94.7,126.3,0.000,GREEN
229,1,435.0,153.8,554.1,347.0,494.5,250.4,193.2,0.000,GREEN
230,1,434.5,155.3,555.2,346.8,494.9,251.0,191.5,0.000,GREEN
230,2,443.0,32.0,534.2,158.4,488.6,95.2,126.4,0.000,GREEN
231,1,434.7,154.9,555.5,346.5,495.1,250.7,191.6,0.000,GREEN
231,2,444.0,31.9,534.1,160.5,489.0,96.2,128.6,0.000,GREEN
232,2,444.1,31.8,533.9,160.4,489.0,96.1,128.6,0.000,GREEN
232,1,434.4,156.8,555.8,346.5,495.1,251.6,189.7,0.000,GREEN
233,1,434.2,157.4,556.4,345.5,495.3,251.5,188.2,0.000,GREEN
233,2,444.9,31.8,533.5,163.0,489.2,97.4,131.2,0.000,GREEN
234,1,434.2,158.1,557.1,346.5,495.7,252.3,188.4,0.000,GREEN
234,2,443.7,31.7,534.6,164.3,489.1,98.0,132.7,0.000,GREEN
235,1,433.7,158.9,558.0,346.4,495.8,252.7,187.5,0.000,GREEN
235,2,444.5,31.6,533.0,166.7,488.8,99.2,135.1,0.000,GREEN
236,1,433.7,160.1,558.1,347.4,495.9,253.7,187.3,0.000,GREEN
236,2,444.9,31.4,531.9,166.0,488.4,98.7,134.6,0.000,GREEN
237,1,433.9,160.1,558.0,347.1,496.0,253.6,187.0,0.000,GREEN
237,2,444.8,31.3,532.0,165.6,488.4,98.4,134.3,0.000,GREEN
238,1,434.0,160.9,557.9,349.2,496.0,255.0,188.3,0.000,GREEN
238,2,444.3,31.4,532.9,167.0,488.6,99.2,135.6,0.000,GREEN
239,1,434.2,161.6,558.2,349.9,496.2,255.7,188.4,0.000,GREEN
239,2,444.1,31.9,533.8,170.9,488.9,101.4,139.0,0.000,GREEN
240,1,434.4,162.0,558.5,350.3,496.4,256.2,188.3,0.000,GREEN
240,2,447.3,31.7,529.5,168.3,488.4,100.0,136.6,0.000,GREEN
241,1,434.2,162.4,558.2,350.3,496.2,256.3,187.9,0.000,GREEN
241,2,449.0,32.2,527.8,167.4,488.4,99.8,135.2,0.000,GREEN
242,1,434.2,163.0,558.6,349.8,496.4,256.4,186.8,0.000,GREEN
242,2,448.5,31.8,530.5,183.2,489.5,107.5,151.3,0.000,GREEN
243,1,434.2,163.9,557.9,349.5,496.1,256.7,185.6,0.000,GREEN
244,1,433.9,164.1,557.0,352.3,495.4,258.2,188.2,0.000,GREEN
245,1,434.5,165.0,556.9,350.4,495.7,257.7,185.3,0.000,GREEN
245,2,460.0,33.5,535.2,174.3,497.6,103.9,140.8,0.000,GREEN
246,1,434.6,165.6,556.3,350.8,495.5,258.2,185.2,0.000,GREEN
246,2,466.7,34.2,532.9,172.7,499.8,103.4,138.6,0.000,GREEN
247,1,434.5,165.6,556.3,351.0,495.4,258.3,185.4,0.000,GREEN
247,2,466.9,34.2,533.0,173.0,500.0,103.6,138.8,0.000,GREEN
248,1,434.5,166.1,555.7,351.0,495.1,258.6,184.9,0.000,GREEN
248,2,475.6,35.2,534.7,170.9,505.1,103.0,135.7,0.000,GREEN
249,1,433.9,167.1,553.4,352.4,493.7,259.8,185.3,0.000,GREEN
249,2,477.6,35.6,537.6,171.3,507.6,103.4,135.6,0.000,GREEN
250,1,434.0,166.6,553.3,352.8,493.6,259.7,186.3,0.000,GREEN
250,2,477.4,36.0,537.9,170.8,507.7,103.4,134.8,0.000,GREEN
251,1,434.5,168.1,552.3,355.5,493.4,261.8,187.3,0.000,GREEN
251,2,478.3,35.9,540.7,170.3,509.5,103.1,134.4,0.000,GREEN
252,2,478.2,35.9,540.9,170.3,509.5,103.1,134.4,0.000,GREEN
252,1,434.4,167.0,552.3,352.3,493.3,259.7,185.3,0.000,GREEN
253,1,434.3,166.8,551.7,352.9,493.0,259.8,186.1,0.000,GREEN
253,2,478.7,36.5,543.0,164.6,510.9,100.5,128.1,0.000,GREEN
254,1,434.9,166.9,550.9,352.7,492.9,259.8,185.9,0.000,GREEN
254,2,478.7,37.1,544.1,180.6,511.4,108.8,143.4,0.000,GREEN
255,1,435.3,166.5,549.3,351.8,492.3,259.2,185.3,0.000,GREEN
255,2,480.7,38.1,545.6,180.2,513.2,109.2,142.0,0.000,GREEN
256,1,435.2,166.5,547.9,352.6,491.5,259.6,186.1,0.000,GREEN
256,2,481.6,40.3,548.5,233.2,515.0,136.7,192.9,0.000,GREEN
257,1,435.1,166.5,547.9,352.6,491.5,259.5,186.0,0.000,GREEN
257,2,481.6,40.4,548.4,233.2,515.0,136.8,192.8,0.000,GREEN
258,1,435.6,167.5,546.8,353.3,491.2,260.4,185.8,0.000,GREEN
258,2,482.1,42.8,549.4,208.3,515.8,125.6,165.5,0.000,GREEN
259,1,434.5,166.6,545.2,351.8,489.8,259.2,185.2,0.000,GREEN
259,2,481.3,44.3,553.3,205.5,517.3,124.9,161.2,0.000,GREEN
260,1,435.1,167.3,544.0,352.4,489.6,259.8,185.1,0.000,GREEN
260,2,480.9,43.8,551.7,207.8,516.3,125.8,163.9,0.000,GREEN
261,2,480.3,44.9,554.1,208.1,517.2,126.5,163.2,0.000,GREEN
261,1,433.6,165.1,542.9,417.0,488.3,291.1,251.9,0.000,GREEN
262,2,480.3,44.9,554.2,208.0,517.3,126.5,163.1,0.000,GREEN
262,1,435.2,166.3,543.1,354.2,489.1,260.2,187.9,0.000,GREEN
263,1,435.2,166.0,542.1,352.7,488.7,259.3,186.7,0.000,GREEN
263,2,480.0,45.3,556.7,210.4,518.4,127.9,165.1,0.000,GREEN
264,1,435.7,164.4,540.7,355.6,488.2,260.0,191.3,0.000,GREEN
264,2,478.2,47.1,558.0,214.7,518.1,130.9,167.5,0.000,GREEN
265,2,479.7,47.9,559.4,216.4,519.6,132.1,168.5,0.000,GREEN
265,1,435.0,163.5,538.7,351.6,486.9,257.5,188.1,0.000,GREEN
266,1,436.2,163.2,538.3,351.6,487.3,257.4,188.4,0.000,GREEN
266,2,481.0,47.9,561.7,215.2,521.4,131.5,167.4,0.250,GREEN
267,2,480.9,47.8,561.8,215.2,521.3,131.5,167.4,0.250,GREEN
267,1,436.1,162.9,539.2,351.4,487.6,257.1,188.5,0.000,GREEN
268,1,434.5,161.5,538.0,351.0,486.3,256.2,189.5,0.000,GREEN
268,2,480.4,46.7,565.1,215.6,522.8,131.1,169.0,0.250,GREEN
269,1,434.9,162.2,538.2,351.3,486.5,256.8,189.0,0.000,GREEN
269,2,480.3,46.3,566.4,215.3,523.4,130.8,169.0,0.000,GREEN
270,2,481.1,47.3,567.2,215.0,524.2,131.1,167.7,0.000,GREEN
270,1,434.8,161.1,536.9,349.3,485.9,255.2,188.2,0.000,GREEN
271,1,435.5,160.0,537.5,349.4,486.5,254.7,189.4,0.000,GREEN
271,2,482.4,47.9,567.2,213.6,524.8,130.8,165.8,0.000,GREEN
272,2,482.5,48.0,567.1,213.6,524.8,130.8,165.6,0.000,GREEN
272,1,434.6,161.0,536.7,349.0,485.6,255.0,187.9,0.000,GREEN
273,1,435.2,161.2,536.3,349.2,485.8,255.2,188.1,0.000,GREEN
273,2,483.8,47.4,568.5,213.5,526.2,130.4,166.1,0.250,GREEN
274,1,436.8,161.4,534.7,349.0,485.7,255.2,187.6,0.000,GREEN
274,2,485.9,48.8,567.7,212.2,526.8,130.5,163.4,0.000,GREEN
275,2,486.2,49.5,567.4,211.8,526.8,130.7,162.3,0.000,GREEN
275,1,438.1,162.3,534.9,348.7,486.5,255.5,186.4,0.000,GREEN
276,1,438.8,162.4,534.2,348.8,486.5,255.6,186.5,0.000,GREEN
276,2,487.1,49.5,566.0,211.2,526.5,130.3,161.8,0.000,GREEN
277,2,487.1,49.4,565.8,211.1,526.5,130.2,161.8,0.000,GREEN
277,1,438.1,162.3,534.2,348.2,486.1,255.2,185.9,0.000,GREEN
278,1,438.9,162.4,533.6,349.0,486.2,255.7,186.7,0.000,GREEN
278,2,487.5,49.8,568.0,210.9,527.7,130.3,161.1,0.000,GREEN
279,1,439.6,163.2,533.2,348.1,486.4,255.6,184.9,0.000,GREEN
279,2,488.0,48.9,570.2,210.3,529.1,129.6,161.4,0.000,GREEN
280,2,489.0,48.8,570.4,210.0,529.7,129.4,161.2,0.000,GREEN
280,1,440.2,165.0,532.9,347.9,486.5,256.5,182.9,0.000,GREEN
281,2,489.3,49.0,570.9,210.3,530.1,129.6,161.3,0.000,GREEN
281,1,440.5,168.5,532.4,348.2,486.5,258.4,179.7,0.000,GREEN
282,2,489.3,48.9,570.9,210.3,530.1,129.6,161.4,0.000,GREEN
282,1,440.6,169.0,532.6,347.8,486.6,258.4,178.8,0.000,GREEN
283,2,489.3,49.1,570.9,210.6,530.1,129.8,161.5,0.000,GREEN
283,1,440.8,191.4,531.4,345.6,486.1,268.5,154.3,0.000,GREEN
284,2,490.3,49.0,570.6,210.8,530.5,129.9,161.8,0.000,GREEN
284,1,441.4,193.5,531.6,345.9,486.5,269.7,152.4,0.000,GREEN
285,2,491.3,49.0,570.3,210.5,530.8,129.7,161.6,0.000,GREEN
285,1,441.6,197.0,531.6,345.0,486.6,271.0,148.0,0.000,GREEN
286,2,492.3,48.8,570.1,210.6,531.2,129.7,161.8,0.000,GREEN
286,1,441.6,192.9,532.0,345.7,486.8,269.3,152.8,0.850,RED
287,2,492.3,48.9,570.1,210.5,531.2,129.7,161.7,0.000,GREEN
287,1,441.5,187.8,531.9,345.1,486.7,266.4,157.3,1.000,RED
288,1,440.9,189.4,532.0,345.8,486.5,267.6,156.4,1.000,RED
288,2,492.2,49.6,568.7,211.5,530.5,130.6,161.8,0.000,GREEN
289,2,491.9,49.7,568.7,211.1,530.3,130.4,161.4,0.000,GREEN
289,1,440.8,170.1,533.0,346.7,486.9,258.4,176.6,1.000,RED
290,1,440.7,169.2,533.1,347.1,486.9,258.1,177.9,1.000,RED
290,2,492.7,49.5,568.2,211.2,530.5,130.4,161.6,0.000,GREEN
291,2,494.5,48.5,569.3,210.4,531.9,129.5,161.9,0.000,GREEN
291,1,439.7,177.0,533.1,345.8,486.4,261.4,168.8,1.000,RED
292,2,494.5,48.5,569.3,210.4,531.9,129.5,161.9,0.000,GREEN
292,1,439.9,180.8,533.0,345.9,486.5,263.4,165.0,1.000,RED
293,2,494.6,48.4,568.8,210.5,531.7,129.4,162.1,0.000,GREEN
293,1,439.7,163.1,534.1,347.1,486.9,255.1,184.0,1.000,RED
294,2,494.5,48.0,569.0,210.8,531.7,129.4,162.8,0.000,GREEN
294,1,438.9,161.8,533.8,347.8,486.3,254.8,186.0,1.000,RED
295,2,494.8,47.9,568.1,210.5,531.4,129.2,162.6,0.000,GREEN
295,1,440.8,166.9,534.3,346.4,487.5,256.6,179.5,0.850,RED
296,2,494.8,47.7,566.8,210.1,530.8,128.9,162.4,0.000,GREEN
296,1,440.9,172.5,533.8,346.5,487.4,259.5,174.0,0.850,RED
297,2,494.9,47.8,567.3,210.1,531.1,128.9,162.3,0.000,GREEN
297,1,440.7,174.0,533.9,347.1,487.3,260.5,173.2,0.850,RED
298,1,440.7,176.0,534.1,348.4,487.4,262.2,172.4,0.850,RED
298,2,494.6,48.2,566.2,211.2,530.4,129.7,163.0,0.000,GREEN
299,2,494.6,48.1,567.0,211.5,530.8,129.8,163.4,0.000,GREEN
299,1,440.6,172.2,534.8,348.4,487.7,260.3,176.2,0.850,RED
300,1,440.6,170.8,535.5,348.4,488.0,259.6,177.6,0.850,RED
300,2,494.5,47.9,566.1,211.4,530.3,129.7,163.5,0.000,GREEN
301,2,494.4,47.8,564.9,211.8,529.6,129.8,164.0,0.000,GREEN
301,1,441.1,173.8,536.7,349.3,488.9,261.5,175.5,0.850,RED
302,2,494.5,47.8,564.8,211.7,529.6,129.7,163.9,0.000,GREEN
302,1,440.9,174.2,536.7,349.3,488.8,261.8,175.1,0.850,RED
303,1,441.3,175.8,537.0,349.1,489.2,262.5,173.3,0.850,RED
303,2,494.3,47.6,563.3,212.1,528.8,129.9,164.6,0.000,GREEN
304,2,494.2,47.5,562.8,212.2,528.5,129.8,164.7,0.000,GREEN
304,1,441.7,179.7,538.4,349.3,490.0,264.5,169.6,0.850,RED
305,2,494.2,47.5,562.4,213.2,528.3,130.4,165.7,0.000,GREEN
305,1,440.5,174.1,539.3,348.2,489.9,261.1,174.1,0.850,RED
306,1,440.6,171.0,539.8,348.7,490.2,259.9,177.7,0.850,RED
306,2,493.9,47.6,563.7,213.6,528.8,130.6,166.0,0.000,GREEN
307,1,440.6,171.1,539.9,348.4,490.3,259.8,177.3,0.850,RED
307,2,493.9,47.6,563.3,213.7,528.6,130.6,166.2,0.000,GREEN
308,2,493.9,47.5,564.1,215.3,529.0,131.4,167.8,0.000,GREEN
308,1,440.5,176.1,539.6,348.4,490.1,262.2,172.3,0.850,RED
309,2,493.9,47.5,565.1,215.5,529.5,131.5,168.0,0.000,GREEN
309,1,440.7,184.3,539.2,348.1,490.0,266.2,163.8,0.850,RED
310,2,493.6,47.5,563.9,215.0,528.7,131.2,167.6,0.000,GREEN
310,1,442.8,179.3,539.7,349.5,491.2,264.4,170.2,0.850,RED
311,1,442.8,181.3,539.6,350.2,491.2,265.7,168.9,0.850,RED
311,2,494.0,47.4,563.2,215.9,528.6,131.6,168.5,0.000,GREEN
312,2,493.9,47.3,562.6,216.5,528.3,131.9,169.2,0.000,GREEN
312,1,442.7,185.0,539.5,349.9,491.1,267.4,164.9,0.850,RED
313,2,494.1,47.1,562.0,215.6,528.1,131.3,168.5,0.000,GREEN
313,1,442.2,177.0,539.9,350.0,491.0,263.5,173.0,0.850,RED
314,1,444.6,176.8,540.3,350.3,492.5,263.6,173.5,0.850,RED
314,2,494.7,47.0,560.6,216.2,527.6,131.6,169.3,0.000,GREEN
315,2,494.4,46.9,560.6,217.5,527.5,132.2,170.6,0.000,GREEN
315,1,444.3,176.5,541.2,349.9,492.7,263.2,173.4,0.850,RED
316,2,495.1,46.8,560.5,216.6,527.8,131.7,169.8,0.000,GREEN
316,1,442.2,179.1,540.5,350.0,491.4,264.6,170.9,0.850,RED
317,2,495.3,46.6,560.3,216.8,527.8,131.7,170.2,0.000,GREEN
317,1,442.7,179.6,540.5,349.4,491.6,264.5,169.8,0.850,RED
318,1,444.4,178.2,541.1,350.1,492.7,264.2,171.9,0.850,RED
318,2,498.4,46.7,560.0,217.3,529.2,132.0,170.6,0.000,GREEN
319,1,446.1,178.3,542.0,348.5,494.1,263.4,170.2,0.850,RED
319,2,499.3,46.6,558.8,216.5,529.1,131.5,169.9,0.000,GREEN
320,2,500.5,46.4,558.3,216.2,529.4,131.3,169.9,0.000,GREEN
320,1,442.5,179.6,541.7,347.8,492.1,263.7,168.2,0.850,RED
321,1,441.1,177.7,542.1,347.5,491.6,262.6,169.8,0.850,RED
321,2,501.6,44.9,557.4,216.1,529.5,130.5,171.2,0.000,GREEN
322,1,441.1,178.0,542.2,347.3,491.6,262.7,169.3,0.850,RED
322,2,501.7,44.9,556.9,216.1,529.3,130.5,171.2,0.000,GREEN
323,1,441.8,177.4,542.6,347.2,492.2,262.3,169.7,0.850,RED
323,2,502.5,44.1,557.4,215.9,530.0,130.0,171.8,0.000,GREEN
324,1,442.0,179.0,542.8,346.8,492.4,262.9,167.8,0.850,RED
324,2,502.4,42.8,558.9,215.9,530.6,129.3,173.1,0.000,GREEN
325,1,445.0,180.7,542.6,346.3,493.8,263.5,165.6,0.850,RED
325,2,502.7,42.0,561.9,216.2,532.3,129.1,174.2,0.000,GREEN
326,2,502.9,41.5,561.9,214.8,532.4,128.1,173.3,0.000,GREEN
326,1,446.1,178.8,542.4,346.3,494.2,262.5,167.5,0.850,RED
327,2,502.9,41.2,562.0,215.3,532.4,128.3,174.1,0.000,GREEN
327,1,446.1,179.2,542.1,346.9,494.1,263.1,167.7,0.850,RED
328,2,502.8,42.1,562.0,213.9,532.4,128.0,171.9,0.000,GREEN
328,1,447.5,181.4,541.7,347.3,494.6,264.3,165.9,0.850,RED
329,2,502.9,43.0,562.2,211.3,532.6,127.2,168.3,0.000,GREEN
329,1,446.9,181.8,541.9,341.8,494.4,261.8,159.9,0.850,RED
330,2,502.9,42.7,563.9,211.2,533.4,127.0,168.5,0.000,GREEN
330,1,447.1,175.5,541.5,345.8,494.3,260.6,170.3,0.850,RED
331,1,447.4,174.7,541.7,346.2,494.6,260.5,171.6,0.850,RED
331,2,502.4,42.7,563.8,210.5,533.1,126.6,167.9,0.000,GREEN
332,2,502.3,42.7,563.8,210.5,533.0,126.6,167.8,0.000,GREEN
332,1,447.2,174.6,541.8,345.0,494.5,259.8,170.4,1.000,RED
333,2,501.7,42.7,564.0,212.5,532.8,127.6,169.8,0.000,GREEN
333,1,448.6,173.9,541.1,346.0,494.9,259.9,172.1,1.000,RED
334,1,449.8,172.2,540.9,348.1,495.3,260.2,175.9,1.000,RED
334,2,498.9,42.6,564.1,214.5,531.5,128.5,171.9,0.000,GREEN
335,2,497.9,42.2,564.0,212.2,530.9,127.2,170.0,0.000,GREEN
335,1,449.4,170.2,542.3,345.9,495.8,258.0,175.7,0.850,RED
336,1,448.9,169.3,542.4,345.9,495.7,257.6,176.5,0.850,RED
336,2,497.9,42.0,564.1,219.1,531.0,130.6,177.1,0.000,GREEN
337,1,448.7,169.3,542.5,345.9,495.6,257.6,176.6,0.850,RED
337,2,497.7,41.9,564.1,219.4,530.9,130.7,177.5,0.000,GREEN
338,2,496.9,42.2,563.4,220.1,530.1,131.2,177.9,0.000,GREEN
338,1,447.4,168.9,543.1,347.4,495.3,258.1,178.5,0.850,RED
339,1,448.3,168.7,543.6,347.4,496.0,258.1,178.8,0.850,RED
339,2,489.9,42.4,563.4,222.0,526.7,132.2,179.7,0.000,GREEN
340,1,448.4,166.8,542.9,346.3,495.6,256.6,179.5,0.850,RED
340,2,498.4,45.4,561.6,229.4,530.0,137.4,184.0,0.000,GREEN
341,1,448.4,166.2,543.4,347.4,495.9,256.8,181.2,0.850,RED
341,2,492.3,41.7,561.3,219.9,526.8,130.8,178.2,0.000,GREEN
342,1,448.3,166.2,543.3,346.9,495.8,256.6,180.6,0.850,RED
342,2,492.6,41.7,561.4,220.2,527.0,131.0,178.6,0.000,GREEN
343,1,447.7,165.1,542.8,345.4,495.2,255.2,180.4,0.850,RED
343,2,477.2,42.1,560.7,228.3,518.9,135.2,186.2,0.000,GREEN
344,1,447.8,164.3,542.3,347.7,495.1,256.0,183.4,0.850,RED
344,2,478.4,43.8,558.9,227.8,518.7,135.8,184.0,0.000,GREEN
345,1,447.8,163.9,542.7,348.2,495.3,256.0,184.3,0.850,RED
345,2,473.7,44.2,556.8,180.2,515.3,112.2,135.9,0.000,GREEN
346,1,447.8,163.5,543.2,346.6,495.5,255.0,183.2,0.850,RED
346,2,472.3,44.0,555.9,179.3,514.1,111.6,135.3,0.000,GREEN
347,2,472.3,43.9,556.0,179.0,514.1,111.4,135.0,0.000,GREEN
347,1,447.8,163.6,543.2,346.3,495.5,255.0,182.7,0.850,RED
348,1,447.4,164.0,542.5,348.1,495.0,256.0,184.2,0.850,RED
348,2,470.4,43.0,554.5,210.2,512.5,126.6,167.2,0.000,GREEN
349,1,447.9,164.3,542.2,345.2,495.1,254.7,180.9,0.850,RED
349,2,469.3,42.7,553.8,212.5,511.6,127.6,169.8,0.000,GREEN
350,1,447.2,164.1,542.4,344.3,494.8,254.2,180.2,0.850,RED
350,2,469.0,42.7,550.8,195.4,509.9,119.0,152.6,0.000,GREEN
351,1,447.5,164.3,542.3,343.7,494.9,254.0,179.4,0.850,RED
351,2,468.1,42.0,548.1,197.1,508.1,119.5,155.1,0.000,GREEN
352,2,468.1,42.0,548.2,196.6,508.1,119.3,154.6,0.000,GREEN
352,1,447.8,164.5,542.5,343.4,495.1,254.0,178.9,0.850,RED
353,1,447.7,163.0,543.1,339.0,495.4,251.0,176.0,0.850,RED
353,2,467.2,42.2,545.8,189.9,506.5,116.0,147.7,0.000,GREEN
354,1,447.9,163.5,543.3,341.5,495.6,252.5,177.9,0.850,RED
354,2,466.8,41.7,544.8,178.8,505.8,110.3,137.1,0.000,GREEN
355,1,447.6,165.4,543.6,340.2,495.6,252.8,174.8,0.850,RED
355,2,466.7,41.6,544.4,175.7,505.6,108.6,134.1,0.000,GREEN
356,1,447.7,167.0,544.2,340.5,495.9,253.7,173.5,0.850,RED
356,2,466.1,41.2,542.5,190.2,504.3,115.7,149.0,0.000,GREEN
357,1,447.8,167.6,544.3,340.4,496.0,254.0,172.8,0.850,RED
357,2,466.1,41.2,542.5,192.1,504.3,116.6,150.9,0.000,GREEN
358,1,447.9,169.0,544.2,341.7,496.0,255.4,172.7,0.850,RED
358,2,465.1,41.1,540.8,193.2,502.9,117.1,152.0,0.000,GREEN
359,2,464.6,41.0,540.5,198.3,502.6,119.6,157.2,0.000,GREEN
359,1,447.3,175.8,543.3,339.0,495.3,257.4,163.2,0.850,RED
360,2,464.8,41.0,540.2,196.2,502.5,118.6,155.2,0.000,GREEN
360,1,447.0,169.0,543.4,339.5,495.2,254.2,170.5,0.850,RED
361,1,447.2,173.4,545.0,337.8,496.1,255.6,164.4,1.000,RED
361,2,464.6,41.7,540.9,187.7,502.7,114.7,146.0,0.000,GREEN
362,2,464.6,41.7,540.9,187.2,502.7,114.5,145.5,0.000,GREEN
362,1,447.2,175.0,544.9,337.1,496.1,256.1,162.0,1.000,RED
363,2,464.9,42.5,541.2,179.2,503.0,110.9,136.7,0.000,GREEN
363,1,446.4,196.7,541.3,339.4,493.9,268.1,142.7,1.000,RED
364,1,446.7,197.2,538.8,339.6,492.8,268.4,142.3,1.000,RED
364,2,464.6,43.1,542.0,194.9,503.3,119.0,151.8,0.000,GREEN
365,1,446.7,199.6,538.3,338.9,492.5,269.2,139.3,1.000,RED
365,2,461.2,43.6,543.1,193.6,502.2,118.6,150.1,0.000,GREEN
366,2,461.0,43.5,543.2,196.0,502.1,119.7,152.5,0.000,GREEN
366,1,447.2,195.6,538.0,336.6,492.6,266.1,141.0,1.000,RED
367,1,447.3,194.4,537.9,336.5,492.6,265.4,142.1,1.000,RED
367,2,461.0,43.4,542.8,197.4,501.9,120.4,154.0,0.000,GREEN
368,2,460.9,43.3,544.2,198.8,502.5,121.0,155.5,0.000,GREEN
368,1,448.1,200.5,537.0,337.0,492.5,268.7,136.5,0.850,RED
369,1,448.5,200.9,536.6,337.0,492.6,269.0,136.1,0.000,GREEN
369,2,462.9,43.7,545.4,202.0,504.1,122.9,158.4,0.000,GREEN
370,1,448.5,200.0,537.3,338.3,492.9,269.1,138.3,0.000,GREEN
370,2,464.1,44.0,548.0,202.8,506.1,123.4,158.8,0.000,GREEN
371,1,448.2,200.0,537.3,340.1,492.8,270.1,140.0,0.000,GREEN
371,2,466.0,44.3,551.2,202.9,508.6,123.6,158.7,0.000,GREEN
372,2,466.0,44.2,551.1,203.0,508.6,123.6,158.7,0.000,GREEN
372,1,448.1,200.0,537.3,339.2,492.7,269.6,139.2,0.000,GREEN
373,1,447.0,200.6,536.4,339.3,491.7,270.0,138.7,0.000,GREEN
373,2,468.4,44.8,553.3,204.5,510.8,124.6,159.7,0.000,GREEN
374,2,471.3,45.1,553.8,205.5,512.5,125.3,160.4,0.000,GREEN
374,1,444.2,193.7,537.3,339.7,490.7,266.7,146.0,0.000,GREEN
375,2,473.6,45.3,555.7,205.2,514.7,125.2,159.9,0.000,GREEN
375,1,443.1,185.2,537.7,341.6,490.4,263.4,156.4,0.000,GREEN
376,2,477.0,44.3,555.9,204.3,516.5,124.3,160.0,0.000,GREEN
376,1,441.3,179.2,537.9,343.0,489.6,261.1,163.8,0.000,GREEN
377,2,476.9,44.3,555.9,204.7,516.4,124.5,160.4,0.000,GREEN
377,1,440.2,175.0,537.7,342.8,489.0,258.9,167.9,0.000,GREEN
378,2,477.5,44.6,556.0,205.0,516.8,124.8,160.3,0.000,GREEN
378,1,437.8,171.1,537.8,343.7,487.8,257.4,172.7,0.000,GREEN
379,1,439.4,171.4,537.8,343.6,488.6,257.5,172.2,0.000,GREEN
379,2,479.7,44.1,555.8,204.4,517.8,124.3,160.3,0.000,GREEN
380,2,481.1,44.5,555.6,204.4,518.4,124.4,159.9,0.000,GREEN
380,1,447.1,191.1,538.5,342.9,492.8,267.0,151.9,0.000,GREEN
381,2,481.9,44.0,555.8,205.1,518.9,124.5,161.1,0.000,GREEN
381,1,446.3,197.1,538.9,342.8,492.6,270.0,145.8,0.000,GREEN
382,2,481.8,43.8,555.8,205.0,518.8,124.4,161.2,0.000,GREEN
382,1,447.1,198.8,538.8,342.7,492.9,270.8,143.8,0.000,GREEN
383,2,483.1,44.5,555.8,205.6,519.5,125.0,161.1,0.000,GREEN
383,1,446.1,190.8,539.1,342.6,492.6,266.7,151.8,0.000,GREEN
384,2,483.9,44.5,555.6,205.2,519.7,124.8,160.7,0.000,GREEN
384,1,443.5,169.6,538.9,343.0,491.2,256.3,173.4,0.000,GREEN
385,2,485.2,44.7,555.4,204.2,520.3,124.5,159.4,0.000,GREEN
385,1,436.9,160.8,539.7,343.6,488.3,252.2,182.8,0.000,GREEN
386,1,438.8,160.6,540.0,344.5,489.4,252.6,183.9,0.000,GREEN
386,2,483.9,44.8,555.0,205.6,519.5,125.2,160.8,0.000,GREEN
387,2,484.3,44.8,555.0,205.5,519.7,125.1,160.6,0.000,GREEN
387,1,439.6,161.5,540.2,344.6,489.9,253.0,183.1,0.000,GREEN
388,2,483.8,44.7,555.0,204.2,519.4,124.5,159.5,0.000,GREEN
388,1,438.2,202.1,540.1,343.3,489.1,272.7,141.2,0.000,GREEN
389,2,483.8,44.8,554.4,202.7,519.1,123.7,157.9,0.000,GREEN
390,2,480.8,44.8,553.8,202.9,517.3,123.8,158.0,0.000,GREEN
390,1,435.8,170.5,540.7,343.4,488.2,257.0,172.9,0.000,GREEN
391,2,481.0,44.7,553.3,201.8,517.1,123.3,157.1,0.000,GREEN
391,1,438.9,164.3,539.8,344.4,489.4,254.4,180.1,0.000,GREEN
392,2,480.9,44.8,553.3,202.0,517.1,123.4,157.2,0.000,GREEN
392,1,438.6,166.4,540.0,344.2,489.3,255.3,177.8,0.000,GREEN
393,2,481.2,44.2,551.5,203.1,516.4,123.6,158.9,0.000,GREEN
393,1,446.6,179.6,539.7,344.0,493.1,261.8,164.3,0.000,GREEN
394,2,479.4,44.1,550.0,203.8,514.7,123.9,159.7,0.000,GREEN
394,1,437.3,154.9,538.3,344.4,487.8,249.6,189.5,0.000,GREEN
395,1,435.6,144.4,540.0,343.9,487.8,244.1,199.5,0.000,GREEN
395,2,472.3,44.4,548.6,203.8,510.4,124.1,159.4,0.000,GREEN
396,1,435.9,144.2,539.4,343.8,487.6,244.0,199.6,0.000,GREEN
396,2,471.2,44.2,546.7,206.6,509.0,125.4,162.4,0.000,GREEN
397,1,435.8,144.2,539.4,343.7,487.6,243.9,199.5,0.000,GREEN
397,2,471.2,44.2,546.6,206.4,508.9,125.3,162.1,0.000,GREEN
398,1,435.8,144.5,539.4,342.8,487.6,243.7,198.3,0.000,GREEN
398,2,469.3,44.4,546.2,207.1,507.8,125.8,162.7,0.000,GREEN
399,1,435.9,144.0,538.9,341.8,487.4,242.9,197.8,0.000,GREEN
399,2,468.8,43.9,545.4,202.0,507.1,123.0,158.1,0.000,GREEN
400,2,468.2,43.4,544.6,200.7,506.4,122.0,157.3,0.000,GREEN
400,1,438.0,143.0,537.7,341.2,487.9,242.1,198.3,0.850,RED
401,1,435.2,142.9,538.3,342.0,486.7,242.5,199.1,0.850,RED
401,2,467.6,43.2,542.5,182.5,505.0,112.9,139.4,0.000,GREEN
402,1,435.2,142.9,538.3,341.9,486.8,242.4,199.0,0.850,RED
402,2,467.6,43.2,542.5,181.6,505.1,112.4,138.4,0.000,GREEN
403,1,436.7,142.5,537.5,340.7,487.1,241.6,198.3,0.850,RED
403,2,466.5,43.5,540.5,186.9,503.5,115.2,143.3,0.000,GREEN
404,2,464.6,43.5,538.6,181.1,501.6,112.3,137.6,0.000,GREEN
404,1,449.4,140.4,537.5,340.4,493.5,240.4,199.9,0.000,GREEN
405,2,462.7,42.4,538.2,175.6,500.4,109.0,133.2,0.000,GREEN
405,1,458.1,139.8,537.7,339.6,497.9,239.7,199.8,0.000,GREEN
406,1,458.1,137.5,536.5,338.5,497.3,238.0,201.0,0.000,GREEN
406,2,461.9,43.2,536.8,160.9,499.4,102.1,117.6,0.000,GREEN
407,2,461.9,43.3,536.9,160.7,499.4,102.0,117.4,0.000,GREEN
407,1,457.9,137.2,536.4,338.6,497.2,237.9,201.4,0.000,GREEN
408,2,459.4,43.2,536.5,160.1,498.0,101.6,116.9,0.000,GREEN
408,1,450.3,134.3,536.9,340.4,493.6,237.4,206.1,0.000,GREEN
409,2,457.8,43.5,535.1,160.0,496.5,101.8,116.5,0.000,GREEN
409,1,447.0,131.7,537.3,341.0,492.2,236.4,209.2,0.000,GREEN
410,1,449.8,130.9,537.2,341.5,493.5,236.2,210.6,0.000,GREEN
410,2,456.1,43.4,532.7,161.1,494.4,102.2,117.7,0.000,GREEN
411,1,450.0,131.3,536.2,341.3,493.1,236.3,210.1,0.000,GREEN
411,2,456.2,43.8,531.6,161.2,493.9,102.5,117.4,0.000,GREEN
412,2,456.2,43.8,531.6,161.3,493.9,102.6,117.6,0.000,GREEN
412,1,449.9,131.3,536.2,341.6,493.1,236.5,210.3,0.000,GREEN
413,1,450.5,130.8,537.2,342.0,493.9,236.4,211.2,0.000,GREEN
413,2,455.1,42.8,530.4,159.8,492.7,101.3,117.0,0.000,GREEN
414,1,449.1,130.2,537.0,340.4,493.0,235.3,210.1,0.000,GREEN
414,2,452.1,43.2,529.6,162.1,490.8,102.7,118.9,0.000,GREEN
415,1,450.1,131.7,536.5,337.8,493.3,234.7,206.1,0.000,GREEN
415,2,448.3,43.9,529.8,223.3,489.0,133.6,179.4,0.000,GREEN
416,1,450.0,130.5,536.5,336.2,493.2,233.3,205.7,0.000,GREEN
416,2,448.4,44.2,528.8,227.6,488.6,135.9,183.4,0.000,GREEN
417,2,448.5,44.3,528.7,227.1,488.6,135.7,182.8,0.000,GREEN
417,1,450.4,130.4,536.6,336.2,493.5,233.3,205.8,0.000,GREEN
418,2,448.4,44.3,528.1,226.4,488.2,135.4,182.1,0.000,GREEN
418,1,449.0,130.6,536.6,333.3,492.8,231.9,202.7,0.000,GREEN
419,2,448.3,44.3,528.0,222.6,488.1,133.4,178.3,0.000,GREEN
419,1,449.4,131.2,536.6,329.1,493.0,230.2,197.8,0.000,GREEN
420,1,450.2,129.7,536.3,327.2,493.3,228.5,197.5,0.000,GREEN
420,2,446.7,44.6,527.7,211.9,487.2,128.3,167.3,0.000,GREEN
421,2,446.2,45.3,526.3,216.0,486.3,130.7,170.7,0.000,GREEN
421,1,452.8,132.6,536.2,326.0,494.5,229.3,193.4,0.000,GREEN
422,1,452.8,132.6,536.2,325.8,494.5,229.2,193.2,0.000,GREEN
422,2,446.2,45.4,526.3,216.3,486.3,130.8,171.0,0.000,GREEN
423,2,447.3,45.7,525.9,215.7,486.6,130.7,170.0,0.000,GREEN
423,1,453.6,132.0,536.1,323.7,494.8,227.8,191.8,0.000,GREEN
424,1,453.7,131.2,535.9,320.9,494.8,226.1,189.7,0.000,GREEN
424,2,447.5,46.4,525.0,217.5,486.3,131.9,171.0,0.000,GREEN
425,1,453.9,129.4,535.4,318.8,494.7,224.1,189.4,0.000,GREEN
425,2,445.6,46.3,524.7,221.2,485.2,133.8,174.9,0.000,GREEN
426,1,454.5,130.8,534.6,316.1,494.5,223.4,185.3,0.000,GREEN
426,2,447.7,46.3,524.5,226.3,486.1,136.3,180.1,0.000,GREEN
427,1,454.4,130.5,534.6,316.1,494.5,223.3,185.7,0.000,GREEN
427,2,447.6,46.3,524.3,226.5,486.0,136.4,180.2,0.000,GREEN
428,1,455.7,130.2,534.6,316.4,495.1,223.3,186.2,0.000,GREEN
428,2,447.4,48.1,524.0,227.8,485.7,137.9,179.7,0.000,GREEN
429,1,453.6,129.2,533.9,314.5,493.8,221.8,185.3,0.000,GREEN
429,2,446.3,46.6,523.4,223.0,484.8,134.8,176.4,0.000,GREEN
430,1,453.6,128.7,533.4,313.4,493.5,221.1,184.7,0.000,GREEN
430,2,446.5,46.1,524.3,209.1,485.4,127.6,163.0,0.000,GREEN
431,1,453.9,130.6,533.2,312.5,493.6,221.6,181.9,0.000,GREEN
431,2,448.3,47.6,524.1,216.4,486.2,132.0,168.8,0.000,GREEN
432,2,448.3,47.6,524.0,216.5,486.2,132.1,168.9,0.000,GREEN
432,1,453.7,130.6,533.2,312.7,493.5,221.6,182.2,0.000,GREEN
433,2,448.0,48.2,523.8,218.0,485.9,133.1,169.8,0.000,GREEN
433,1,455.5,131.7,533.2,313.1,494.4,222.4,181.4,0.000,GREEN
434,1,456.9,131.2,532.9,313.7,494.9,222.4,182.5,0.000,GREEN
434,2,446.7,48.5,522.2,219.4,484.4,134.0,170.9,0.000,GREEN
435,1,454.0,131.7,533.1,313.8,493.6,222.8,182.2,0.000,GREEN
435,2,447.1,49.8,523.4,213.2,485.3,131.5,163.4,0.000,GREEN
436,1,454.2,131.6,532.9,314.2,493.6,222.9,182.6,0.000,GREEN
436,2,447.3,50.1,523.1,210.2,485.2,130.1,160.1,0.000,GREEN
437,2,447.3,50.1,523.2,210.2,485.2,130.2,160.0,0.000,GREEN
437,1,453.9,131.6,533.0,314.4,493.5,223.0,182.8,0.000,GREEN
438,1,450.3,130.4,533.0,314.8,491.7,222.6,184.3,0.000,GREEN
438,2,446.6,50.8,525.0,204.0,485.8,127.4,153.2,0.000,GREEN
439,1,452.5,130.1,532.9,314.6,492.7,222.3,184.5,0.000,GREEN
439,2,444.8,51.3,524.5,202.4,484.7,126.9,151.1,0.000,GREEN
440,1,453.1,130.2,533.1,314.3,493.1,222.3,184.1,0.000,GREEN
440,2,443.7,52.3,525.1,202.5,484.4,127.4,150.2,0.000,GREEN
441,1,453.2,130.1,533.4,314.2,493.3,222.2,184.0,0.000,GREEN
441,2,444.2,53.0,526.1,205.2,485.1,129.1,152.2,0.000,GREEN
442,2,444.3,53.0,526.1,205.1,485.2,129.0,152.1,0.000,GREEN
442,1,453.6,130.2,533.4,314.4,493.5,222.3,184.2,0.000,GREEN
443,1,454.9,130.6,534.1,313.8,494.5,222.2,183.3,0.000,GREEN
443,2,444.4,53.4,526.9,207.6,485.7,130.5,154.2,0.000,GREEN
444,1,453.9,131.0,533.8,314.7,493.9,222.8,183.7,0.000,GREEN
444,2,444.9,55.3,526.8,212.9,485.9,134.1,157.6,0.000,GREEN
445,1,454.6,131.2,533.6,316.3,494.1,223.8,185.1,0.000,GREEN
445,2,443.5,56.3,526.4,214.5,484.9,135.4,158.2,0.000,GREEN
446,2,442.2,57.2,526.3,214.8,484.2,136.0,157.7,0.000,GREEN
446,1,456.1,132.5,534.2,315.8,495.2,224.2,183.4,0.000,GREEN
447,2,442.2,57.1,526.2,215.3,484.2,136.2,158.2,0.000,GREEN
447,1,456.8,131.1,534.9,316.5,495.8,223.8,185.4,0.000,GREEN
448,1,457.4,131.2,535.7,317.6,496.6,224.4,186.4,0.000,GREEN
448,2,446.7,58.1,526.3,216.0,486.5,137.0,157.9,0.000,GREEN
449,1,460.4,132.2,536.0,317.3,498.2,224.8,185.2,0.000,GREEN
449,2,448.1,58.3,525.8,220.2,486.9,139.3,161.9,0.000,GREEN
450,1,458.9,132.7,536.7,317.8,497.8,225.2,185.0,0.000,GREEN
450,2,444.2,58.5,525.4,221.3,484.8,139.9,162.9,0.000,GREEN
451,2,445.3,58.7,525.2,225.0,485.3,141.9,166.3,0.000,GREEN
451,1,463.5,133.3,536.8,317.7,500.2,225.5,184.4,0.000,GREEN
452,1,463.6,133.3,536.8,317.8,500.2,225.6,184.5,0.000,GREEN
452,2,444.9,59.5,525.2,224.9,485.0,142.2,165.4,0.000,GREEN
453,1,465.2,133.5,537.1,316.3,501.1,224.9,182.8,0.000,GREEN
453,2,440.8,59.8,526.0,224.2,483.4,142.0,164.4,0.000,GREEN
454,2,440.1,60.1,526.1,223.4,483.1,141.7,163.3,0.000,GREEN
454,1,464.6,133.4,538.0,315.8,501.3,224.6,182.4,0.000,GREEN
455,1,464.2,133.1,538.2,314.7,501.2,223.9,181.7,0.000,GREEN
455,2,441.7,60.3,526.6,220.6,484.2,140.5,160.3,0.000,GREEN
456,1,464.7,133.6,538.0,313.7,501.4,223.7,180.1,0.000,GREEN
456,2,449.3,60.4,527.2,226.1,488.3,143.2,165.7,0.000,GREEN
457,1,464.6,133.6,538.0,313.7,501.3,223.7,180.1,0.000,GREEN
457,2,448.0,60.5,527.3,226.0,487.6,143.3,165.5,0.000,GREEN
458,1,465.3,133.8,538.6,313.5,502.0,223.7,179.8,0.000,GREEN
458,2,447.9,60.6,528.1,228.5,488.0,144.6,167.9,0.000,GREEN
459,1,464.5,132.5,539.4,313.4,501.9,223.0,180.9,0.000,GREEN
459,2,442.4,60.8,529.2,229.7,485.8,145.2,168.9,0.000,GREEN
460,2,441.2,60.9,530.1,229.0,485.6,145.0,168.1,0.000,GREEN
460,1,464.1,132.2,540.5,312.0,502.3,222.1,179.8,0.000,GREEN
461,1,464.6,132.0,541.3,311.6,503.0,221.8,179.6,0.000,GREEN
461,2,442.3,61.8,529.4,225.9,485.8,143.8,164.2,0.000,GREEN
462,1,464.7,132.0,541.3,311.8,503.0,221.9,179.8,0.000,GREEN
462,2,442.0,61.7,529.4,226.0,485.7,143.9,164.3,0.000,GREEN
463,1,465.4,131.7,542.4,312.0,503.9,221.8,180.2,0.000,GREEN
463,2,447.2,61.1,528.6,228.6,487.9,144.9,167.6,0.000,GREEN
464,1,465.5,131.7,543.0,310.1,504.3,220.9,178.3,0.000,GREEN
464,2,448.7,61.3,528.2,226.0,488.5,143.7,164.7,0.000,GREEN
465,1,466.2,132.2,543.5,308.5,504.9,220.4,176.3,0.000,GREEN
465,2,445.2,61.4,528.0,221.0,486.6,141.2,159.6,0.000,GREEN
466,1,466.1,132.0,544.8,309.0,505.5,220.5,177.1,0.000,GREEN
466,2,439.9,61.4,528.4,217.8,484.2,139.6,156.4,0.000,GREEN
467,1,466.5,132.0,544.8,309.3,505.7,220.7,177.3,0.000,GREEN
467,2,440.7,61.1,528.9,218.3,484.8,139.7,157.2,0.000,GREEN
468,1,468.3,131.8,546.8,308.7,507.6,220.2,176.9,0.000,GREEN
468,2,443.9,61.1,530.2,218.5,487.1,139.8,157.5,0.000,GREEN
469,1,468.4,131.9,547.0,308.5,507.7,220.2,176.6,0.000,GREEN
469,2,444.1,60.9,529.9,223.0,487.0,142.0,162.1,0.000,GREEN
470,1,469.0,131.3,549.1,307.2,509.1,219.3,175.9,0.000,GREEN
470,2,438.0,60.7,527.1,224.4,482.6,142.6,163.7,0.000,GREEN
471,1,468.9,130.8,550.7,306.6,509.8,218.7,175.8,0.000,GREEN
471,2,439.4,60.7,527.4,226.1,483.4,143.4,165.4,0.000,GREEN
472,1,468.8,130.8,550.8,306.6,509.8,218.7,175.8,0.000,GREEN
472,2,439.1,60.8,527.5,226.0,483.3,143.4,165.2,0.000,GREEN
473,1,469.2,131.5,552.5,307.5,510.8,219.5,175.9,0.000,GREEN
473,2,438.7,59.9,525.7,223.5,482.2,141.7,163.5,0.000,GREEN
474,2,438.3,60.4,525.9,223.1,482.1,141.7,162.7,0.000,GREEN
474,1,471.2,131.6,553.5,307.8,512.3,219.7,176.2,0.000,GREEN
475,2,438.0,60.7,525.8,221.5,481.9,141.1,160.9,0.000,GREEN
475,1,471.3,131.4,554.9,306.9,513.1,219.1,175.5,0.000,GREEN
476,2,438.3,60.3,525.7,220.9,482.0,140.6,160.6,0.000,GREEN
476,1,472.2,132.3,557.8,310.6,515.0,221.4,178.3,0.000,GREEN
477,1,471.9,132.3,557.8,310.4,514.8,221.3,178.1,0.000,GREEN
477,2,438.5,60.6,525.7,221.8,482.1,141.2,161.2,0.000,GREEN
478,1,471.0,133.1,559.0,310.9,515.0,222.0,177.8,0.000,GREEN
478,2,438.7,60.9,525.2,211.8,482.0,136.3,150.9,0.000,GREEN
479,2,438.4,60.9,525.7,209.8,482.1,135.3,148.9,0.000,GREEN
479,1,470.3,133.3,560.4,310.6,515.4,221.9,177.3,0.000,GREEN
480,2,439.0,62.5,525.4,200.9,482.2,131.7,138.4,0.000,GREEN
480,1,475.4,133.6,563.1,311.6,519.3,222.6,178.1,0.000,GREEN
481,2,438.5,62.6,525.7,202.4,482.1,132.5,139.8,0.000,GREEN
481,1,481.0,134.3,565.5,309.6,523.3,222.0,175.2,0.000,GREEN
482,2,438.5,62.7,525.7,202.3,482.1,132.5,139.7,0.000,GREEN
482,1,480.5,134.3,564.9,311.0,522.7,222.7,176.8,0.000,GREEN
483,2,439.1,62.9,526.3,203.0,482.7,133.0,140.1,0.000,GREEN
483,1,480.8,134.1,566.4,309.6,523.6,221.8,175.5,0.000,GREEN
484,1,476.4,135.0,567.1,312.7,521.7,223.8,177.7,0.000,GREEN
484,2,438.7,63.4,526.7,192.4,482.7,127.9,129.0,0.000,GREEN
485,2,437.7,63.3,526.9,193.9,482.3,128.6,130.6,0.000,GREEN
485,1,479.3,135.2,567.9,312.0,523.6,223.6,176.8,0.000,GREEN
486,2,437.1,63.3,527.0,192.7,482.0,128.0,129.4,0.000,GREEN
486,1,484.2,134.1,569.8,310.6,527.0,222.3,176.5,0.000,GREEN
487,1,484.4,134.1,569.8,310.5,527.1,222.3,176.4,0.000,GREEN
487,2,436.8,63.3,527.0,193.2,481.9,128.3,129.9,0.000,GREEN
488,2,435.1,63.9,526.9,193.3,481.0,128.6,129.4,0.000,GREEN
488,1,486.6,133.2,570.4,310.0,528.5,221.6,176.8,0.000,GREEN
489,1,489.9,132.8,571.6,309.8,530.8,221.3,177.0,0.000,GREEN
489,2,435.0,64.3,527.0,185.6,481.0,124.9,121.3,0.000,GREEN
490,2,434.4,64.5,526.6,186.6,480.5,125.6,122.1,0.000,GREEN
490,1,489.2,132.5,572.5,309.0,530.9,220.7,176.5,0.000,GREEN
491,1,491.9,133.0,571.8,305.3,531.8,219.1,172.3,0.000,GREEN
491,2,433.1,64.1,526.8,195.6,480.0,129.9,131.5,0.000,GREEN
492,1,492.0,132.9,571.8,305.3,531.9,219.1,172.3,0.000,GREEN
492,2,433.0,64.1,526.8,196.0,479.9,130.1,132.0,0.000,GREEN
493,2,433.0,64.2,526.1,195.1,479.6,129.6,130.9,0.000,GREEN
493,1,493.2,132.0,571.6,305.9,532.4,219.0,173.9,0.000,GREEN
494,1,493.0,131.0,571.6,306.8,532.3,218.9,175.8,0.000,GREEN
494,2,433.1,64.5,525.0,197.3,479.1,130.9,132.8,0.000,GREEN
495,1,493.9,129.4,572.5,306.4,533.2,217.9,177.0,0.850,RED
495,2,433.4,64.5,523.8,202.3,478.6,133.4,137.8,0.000,GREEN
496,1,493.9,128.1,572.7,307.8,533.3,217.9,179.6,0.850,RED
496,2,433.5,64.5,523.1,205.0,478.3,134.7,140.6,0.000,GREEN
497,2,433.5,64.5,523.1,205.0,478.3,134.7,140.5,0.000,GREEN
497,1,494.0,128.1,572.8,307.7,533.4,217.9,179.6,0.850,RED
498,1,493.2,127.5,572.9,309.5,533.0,218.5,181.9,0.850,RED
498,2,441.6,64.7,523.7,205.5,482.7,135.1,140.8,0.000,GREEN
499,1,490.4,126.9,573.0,308.9,531.7,217.9,182.0,0.850,RED
499,2,433.0,64.0,523.2,205.1,478.1,134.5,141.1,0.000,GREEN
500,2,432.1,63.8,521.7,206.8,476.9,135.3,142.9,0.000,GREEN
500,1,477.1,127.6,572.9,310.1,525.0,218.9,182.5,0.000,GREEN
501,2,431.9,63.9,523.5,207.5,477.7,135.7,143.6,0.000,GREEN
501,1,475.6,125.2,573.3,308.3,524.4,216.8,183.2,0.000,GREEN
502,2,431.9,64.0,523.5,207.5,477.7,135.8,143.6,0.000,GREEN
502,1,475.0,125.2,573.2,308.5,524.1,216.8,183.4,0.000,GREEN
503,2,431.9,63.4,523.1,207.3,477.5,135.3,143.9,0.000,GREEN
503,1,486.9,121.5,573.9,309.9,530.4,215.7,188.4,0.000,GREEN
504,2,433.0,63.8,522.7,206.6,477.9,135.2,142.8,0.000,GREEN
504,1,490.8,121.2,573.2,309.5,532.0,215.4,188.3,0.000,GREEN
505,2,431.9,63.3,523.1,206.6,477.5,134.9,143.2,0.000,GREEN
505,1,497.5,119.1,573.1,310.0,535.3,214.5,190.9,0.000,GREEN
506,1,496.0,117.0,572.8,311.0,534.4,214.0,194.0,0.000,GREEN
506,2,430.4,63.4,524.0,211.2,477.2,137.3,147.8,0.000,GREEN
507,1,496.0,117.1,572.9,310.9,534.4,214.0,193.8,0.000,GREEN
507,2,430.6,63.5,524.0,211.5,477.3,137.5,148.0,0.000,GREEN
508,1,498.4,117.6,572.8,310.4,535.6,214.0,192.8,0.000,GREEN
508,2,431.1,63.9,524.9,215.7,478.0,139.8,151.8,0.000,GREEN
509,1,496.9,114.6,572.1,310.7,534.5,212.6,196.0,0.000,GREEN
509,2,433.0,63.3,524.5,211.2,478.8,137.3,147.9,0.000,GREEN
510,1,497.7,116.5,572.4,309.8,535.0,213.2,193.3,0.000,GREEN
510,2,431.0,61.4,527.0,211.9,479.0,136.6,150.5,0.000,GREEN
511,1,497.4,116.1,572.1,309.7,534.7,212.9,193.6,0.000,GREEN
511,2,431.6,60.2,527.9,221.0,479.8,140.6,160.8,0.000,GREEN
512,1,497.4,116.2,572.1,309.8,534.7,213.0,193.6,0.000,GREEN
512,2,431.5,60.2,527.8,220.1,479.6,140.2,159.9,0.000,GREEN
513,1,494.8,112.4,571.9,309.7,533.4,211.1,197.4,0.000,GREEN
513,2,437.3,60.6,528.6,218.5,483.0,139.5,157.9,0.000,GREEN
514,1,495.3,111.1,572.0,310.1,533.7,210.6,199.0,0.000,GREEN
514,2,435.0,59.4,530.9,233.0,482.9,146.2,173.6,0.000,GREEN
515,1,494.6,110.6,571.8,309.5,533.2,210.1,198.9,0.000,GREEN
515,2,436.6,58.2,532.3,233.9,484.4,146.1,175.8,0.000,GREEN
516,1,492.7,110.6,571.5,309.8,532.1,210.2,199.3,0.000,GREEN
516,2,437.8,57.2,533.4,240.6,485.6,148.9,183.3,0.000,GREEN
517,2,437.8,56.9,533.5,240.4,485.7,148.7,183.5,0.000,GREEN
517,1,493.6,110.5,571.6,309.9,532.6,210.2,199.5,0.000,GREEN
518,1,494.6,110.6,572.0,309.9,533.3,210.3,199.3,0.000,GREEN
518,2,438.0,55.6,532.8,234.0,485.4,144.8,178.3,0.000,GREEN
519,2,432.4,57.0,531.7,235.8,482.1,146.4,178.8,0.000,GREEN
519,1,470.9,113.0,571.9,310.6,521.4,211.8,197.6,0.000,GREEN
520,2,440.9,58.9,530.7,247.0,485.8,153.0,188.1,0.000,GREEN
520,1,488.4,110.6,572.9,311.5,530.7,211.1,200.9,0.000,GREEN
521,1,495.7,109.4,573.9,313.3,534.8,211.4,203.9,0.000,GREEN
521,2,434.8,60.7,531.2,236.8,483.0,148.8,176.1,0.000,GREEN
522,1,495.8,109.4,573.9,313.3,534.9,211.4,203.9,0.000,GREEN
522,2,434.4,60.8,531.1,237.5,482.8,149.2,176.6,0.000,GREEN
523,1,494.9,113.4,574.2,315.7,534.5,214.5,202.3,0.000,GREEN
523,2,446.8,60.0,531.2,211.9,489.0,136.0,151.9,0.000,GREEN
524,1,493.9,113.4,574.4,317.5,534.1,215.5,204.1,0.000,GREEN
524,2,451.0,60.9,530.6,206.5,490.8,133.7,145.6,0.000,GREEN
525,1,493.9,115.1,575.5,322.6,534.7,218.9,207.5,0.000,GREEN
525,2,455.1,61.1,531.7,203.0,493.4,132.1,141.9,0.000,GREEN
526,1,492.2,115.3,576.5,324.1,534.4,219.7,208.9,0.000,GREEN
526,2,456.4,61.3,531.2,206.2,493.8,133.8,144.9,0.000,GREEN
527,1,492.2,115.3,576.6,324.0,534.4,219.6,208.7,0.000,GREEN
527,2,456.4,61.2,531.1,206.9,493.7,134.0,145.6,0.000,GREEN
528,1,493.0,115.4,577.6,326.9,535.3,221.2,211.6,0.000,GREEN
528,2,457.6,62.3,530.7,228.6,494.2,145.5,166.4,0.000,GREEN
529,2,458.4,61.7,531.8,229.1,495.1,145.4,167.4,0.000,GREEN
529,1,482.5,115.3,579.5,326.9,531.0,221.1,211.6,0.000,GREEN
530,1,481.5,117.1,580.0,326.8,530.8,222.0,209.7,0.000,GREEN
530,2,461.1,62.2,576.8,211.6,518.9,136.9,149.4,0.000,GREEN
531,1,481.5,116.8,581.0,326.4,531.2,221.6,209.6,0.000,GREEN
531,2,458.7,64.0,534.3,237.7,496.5,150.9,173.7,0.000,GREEN
532,1,481.3,116.9,580.9,326.3,531.1,221.6,209.4,0.000,GREEN
532,2,457.8,63.7,534.6,241.9,496.2,152.8,178.2,0.000,GREEN
533,1,480.4,117.1,583.1,325.0,531.8,221.0,208.0,0.000,GREEN
533,2,461.6,66.9,534.7,255.0,498.1,161.0,188.0,0.000,GREEN
534,1,480.5,118.1,584.7,324.2,532.6,221.2,206.1,0.000,GREEN
534,2,465.1,65.8,575.5,191.3,520.3,128.6,125.5,0.000,GREEN
535,1,481.8,120.8,586.8,324.5,534.3,222.6,203.6,0.000,GREEN
535,2,457.4,68.5,542.1,234.2,499.7,151.4,165.8,0.000,GREEN
536,1,483.1,123.6,588.5,325.4,535.8,224.5,201.9,0.000,GREEN
536,2,464.1,71.0,552.0,234.4,508.0,152.7,163.4,0.000,GREEN
537,1,483.2,123.6,588.7,325.3,535.9,224.5,201.7,0.000,GREEN
537,2,463.8,71.0,552.1,234.7,507.9,152.8,163.7,0.000,GREEN
538,1,482.7,125.6,591.6,325.4,537.2,225.5,199.8,0.000,GREEN
538,2,463.2,72.9,553.4,236.6,508.3,154.8,163.6,0.000,GREEN
539,2,459.0,73.7,555.4,237.1,507.2,155.4,163.5,0.000,GREEN
539,1,489.9,127.6,593.6,324.6,541.7,226.1,197.0,0.000,GREEN
540,1,490.1,127.4,595.9,325.4,543.0,226.4,197.9,0.000,GREEN
540,2,467.9,74.4,553.4,207.2,510.6,140.8,132.8,0.000,GREEN
541,2,467.9,76.0,554.8,202.9,511.4,139.4,126.9,0.000,GREEN
541,1,493.5,129.2,598.2,326.0,545.9,227.6,196.8,0.000,GREEN
542,1,493.5,129.2,598.2,326.0,545.9,227.6,196.9,0.000,GREEN
542,2,467.7,76.0,554.5,203.6,511.1,139.8,127.6,0.000,GREEN
543,1,496.5,131.4,601.0,325.8,548.7,228.6,194.4,0.000,GREEN
543,2,464.8,76.7,554.6,267.7,509.7,172.2,191.1,0.000,GREEN
544,2,459.0,78.2,558.3,278.9,508.6,178.5,200.7,0.000,GREEN
544,1,498.8,130.5,619.8,324.3,559.3,227.4,193.8,0.000,GREEN
545,2,460.1,81.2,555.5,282.6,507.8,181.9,201.3,0.000,GREEN
546,2,461.1,86.0,556.1,289.6,508.6,187.8,203.7,0.000,GREEN
546,1,494.7,135.7,621.8,324.6,558.2,230.1,188.9,0.000,GREEN
547,2,460.9,85.9,556.1,289.6,508.5,187.8,203.7,0.000,GREEN
547,1,495.0,135.7,621.9,324.5,558.4,230.1,188.8,0.000,GREEN
548,2,459.9,88.0,555.1,299.9,507.5,194.0,211.9,0.000,GREEN
548,1,500.4,137.6,616.4,324.9,558.4,231.3,187.3,0.000,GREEN
549,1,504.0,137.0,611.9,328.2,558.0,232.6,191.2,0.000,GREEN
549,2,463.3,92.7,553.8,308.2,508.5,200.4,215.5,0.000,GREEN
550,1,506.8,139.7,612.6,326.3,559.7,233.0,186.6,0.000,GREEN
550,2,462.1,95.0,554.8,315.2,508.5,205.1,220.2,0.000,GREEN
551,1,508.5,141.1,614.3,327.5,561.4,234.3,186.4,0.000,GREEN
551,2,461.2,95.5,555.0,326.6,508.1,211.0,231.0,0.000,GREEN
552,2,461.1,95.5,555.0,326.7,508.1,211.1,231.2,0.000,GREEN
552,1,508.5,141.2,614.4,327.4,561.4,234.3,186.2,0.000,GREEN
553,1,509.7,142.0,616.6,327.1,563.2,234.5,185.1,0.250,GREEN
553,2,457.5,99.4,554.2,328.7,505.8,214.1,229.4,0.000,GREEN
554,2,457.8,101.7,555.2,330.0,506.5,215.8,228.3,0.000,GREEN
554,1,508.7,142.5,619.6,328.0,564.2,235.2,185.6,0.000,GREEN
555,1,508.6,144.5,621.0,327.8,564.8,236.1,183.3,0.000,GREEN
555,2,456.5,104.6,555.7,329.6,506.1,217.1,225.0,0.000,GREEN
556,1,508.9,147.1,619.6,332.2,564.2,239.6,185.1,0.000,GREEN
556,2,452.8,105.8,556.9,330.2,504.8,218.0,224.4,0.000,GREEN
557,1,508.9,147.1,619.6,332.0,564.3,239.6,184.9,0.000,GREEN
557,2,452.9,105.7,556.9,330.1,504.9,217.9,224.4,0.000,GREEN
558,2,451.6,106.7,554.9,330.8,503.3,218.7,224.1,0.000,GREEN
558,1,511.4,149.3,622.7,339.9,567.0,244.6,190.6,0.000,GREEN
559,2,453.8,109.1,554.9,330.5,504.3,219.8,221.4,0.000,GREEN
559,1,518.2,151.0,624.6,352.0,571.4,251.5,201.0,0.000,GREEN
560,2,453.9,112.8,555.5,329.4,504.7,221.1,216.6,0.000,GREEN
560,1,520.7,151.5,628.1,360.4,574.4,255.9,208.8,0.000,GREEN
561,2,453.2,113.7,556.4,327.1,504.8,220.4,213.4,0.000,GREEN
561,1,525.0,154.5,631.3,367.0,578.2,260.8,212.6,0.000,GREEN
562,1,525.0,154.5,631.3,367.0,578.2,260.7,212.5,0.000,GREEN
562,2,453.3,113.5,556.4,327.0,504.9,220.2,213.6,0.000,GREEN
563,2,451.8,115.9,558.0,327.0,504.9,221.4,211.1,0.000,GREEN
563,1,530.3,157.9,635.5,374.0,582.9,265.9,216.2,0.000,GREEN
564,2,451.0,118.6,557.3,328.0,504.1,223.3,209.4,0.000,GREEN
564,1,535.7,158.5,641.4,378.5,588.6,268.5,219.9,0.000,GREEN
565,2,450.8,121.2,556.6,327.5,503.7,224.3,206.3,0.000,GREEN
565,1,537.1,160.9,642.4,384.8,589.8,272.8,223.9,0.000,GREEN
566,2,453.2,123.8,555.6,328.9,504.4,226.4,205.2,0.000,GREEN
566,1,541.4,166.9,647.8,384.8,594.6,275.8,217.9,0.000,GREEN
567,1,541.4,167.0,647.7,384.8,594.6,275.9,217.8,0.000,GREEN
567,2,453.8,123.8,556.0,328.0,504.9,225.9,204.2,0.000,GREEN
568,2,455.2,126.4,555.2,329.0,505.2,227.7,202.6,0.000,GREEN
568,1,541.9,169.9,651.3,386.7,596.6,278.3,216.8,0.000,GREEN
569,1,543.2,179.3,654.7,386.5,599.0,282.9,207.3,0.000,GREEN
569,2,451.9,128.9,553.8,336.3,502.9,232.6,207.3,0.000,GREEN
570,1,540.4,179.8,661.4,387.7,600.9,283.8,207.9,0.000,GREEN
570,2,457.4,133.0,554.6,344.3,506.0,238.7,211.3,0.000,GREEN
571,1,539.7,181.9,667.0,388.9,603.4,285.4,207.0,0.000,GREEN
571,2,456.3,138.2,555.5,357.9,505.9,248.1,219.6,0.000,GREEN
572,1,539.8,182.0,667.1,388.9,603.5,285.4,206.9,0.000,GREEN
572,2,456.6,138.2,555.4,358.1,506.0,248.2,219.9,0.000,GREEN
573,1,539.1,184.1,670.1,390.2,604.6,287.1,206.2,0.000,GREEN
573,2,459.3,141.7,559.1,368.4,509.2,255.0,226.7,0.000,GREEN
574,2,455.9,145.7,560.0,376.8,508.0,261.3,231.1,0.000,GREEN
574,1,542.5,188.5,676.9,390.2,609.7,289.4,201.6,0.000,GREEN
575,2,457.1,149.0,563.5,379.5,510.3,264.3,230.5,0.000,GREEN
575,1,549.0,190.9,679.9,389.1,614.4,290.0,198.2,0.000,GREEN
576,2,458.3,156.4,566.8,382.7,512.6,269.6,226.4,0.000,GREEN
576,1,557.7,198.6,682.4,388.0,620.1,293.3,189.4,0.000,GREEN
577,2,457.5,156.3,566.8,382.9,512.1,269.6,226.6,0.000,GREEN
577,1,557.9,199.6,681.2,388.1,619.5,293.9,188.5,0.000,GREEN
578,2,463.3,158.9,571.3,384.2,517.3,271.5,225.4,0.000,GREEN
578,1,562.3,197.1,689.8,388.0,626.0,292.6,190.8,0.000,GREEN
579,1,563.5,199.9,695.9,388.0,629.7,293.9,188.1,0.000,GREEN
579,2,471.2,161.7,575.8,385.3,523.5,273.5,223.5,0.000,GREEN
580,2,472.7,164.8,580.9,387.8,526.8,276.3,223.0,0.000,GREEN
580,1,571.8,207.9,697.1,388.7,634.4,298.3,180.9,0.000,GREEN
581,2,473.3,166.9,585.9,393.5,529.6,280.2,226.6,0.000,GREEN
581,1,573.1,207.6,709.9,388.3,641.5,298.0,180.7,0.000,GREEN
582,1,573.1,207.6,709.6,388.2,641.4,297.9,180.6,0.000,GREEN
582,2,475.5,167.0,585.9,390.5,530.7,278.8,223.5,0.000,GREEN
583,1,572.0,211.0,716.2,388.8,644.1,299.9,177.8,0.000,GREEN
583,2,477.6,168.9,596.5,391.0,537.1,279.9,222.1,0.000,GREEN
584,1,572.9,214.0,721.9,385.1,647.4,299.6,171.1,0.000,GREEN
584,2,473.9,172.5,602.5,391.7,538.2,282.1,219.2,0.000,GREEN
585,1,569.5,216.1,725.8,385.8,647.7,301.0,169.7,0.000,GREEN
585,2,482.9,174.7,616.5,389.7,549.7,282.2,215.0,0.000,GREEN
586,2,487.7,179.9,613.2,390.8,550.5,285.3,211.0,0.000,GREEN
586,1,572.2,218.5,734.7,389.2,653.5,303.9,170.7,0.000,GREEN
587,1,572.1,218.5,734.7,389.3,653.4,303.9,170.7,0.000,GREEN
587,2,488.9,180.0,613.7,390.9,551.3,285.4,210.9,0.000,GREEN
588,2,488.6,182.5,616.8,391.1,552.7,286.8,208.6,0.000,GREEN
588,1,574.1,220.3,741.7,391.7,657.9,306.0,171.4,0.000,GREEN
589,1,574.5,221.9,742.9,394.5,658.7,308.2,172.7,0.000,GREEN
589,2,492.5,186.6,625.1,390.6,558.8,288.6,204.0,0.000,GREEN
590,1,575.3,224.2,749.0,395.8,662.2,310.0,171.5,0.000,GREEN
590,2,495.7,190.9,634.0,399.1,564.9,295.0,208.2,0.000,GREEN
591,1,572.1,229.2,751.5,395.2,661.8,312.2,166.0,0.000,GREEN
591,2,501.6,192.4,643.3,414.1,572.4,303.2,221.6,0.000,GREEN
592,1,572.0,229.1,751.6,395.2,661.8,312.1,166.1,0.000,GREEN
592,2,501.4,192.5,643.1,414.1,572.2,303.3,221.6,0.000,GREEN
593,1,577.9,231.2,755.0,395.9,666.5,313.5,164.7,0.000,GREEN
593,2,504.6,200.0,647.5,425.1,576.1,312.6,225.1,0.000,GREEN
594,1,581.7,231.4,761.9,396.5,671.8,313.9,165.1,0.000,GREEN
594,2,508.2,208.8,649.9,429.2,579.1,319.0,220.4,0.000,GREEN
595,2,509.7,213.5,653.4,430.8,581.5,322.1,217.3,0.000,GREEN
595,1,579.2,238.4,766.6,397.7,672.9,318.0,159.3,0.000,GREEN
596,1,578.4,240.7,766.8,401.1,672.6,320.9,160.4,0.000,GREEN
596,2,511.2,220.1,661.4,428.3,586.3,324.2,208.1,0.000,GREEN
597,2,511.5,220.1,661.4,428.4,586.4,324.2,208.3,0.000,GREEN
597,1,577.9,240.7,766.7,401.4,672.3,321.1,160.7,0.000,GREEN
598,1,581.3,241.0,767.9,407.0,674.6,324.0,166.1,0.000,GREEN
598,2,510.9,225.3,667.2,427.8,589.1,326.6,202.5,0.000,GREEN
599,2,509.6,227.9,676.2,429.2,592.9,328.6,201.3,0.000,GREEN
599,1,589.5,245.6,768.0,396.7,678.8,321.2,151.1,0.000,GREEN
600,2,510.1,232.9,685.6,430.6,597.9,331.7,197.7,0.000,GREEN
601,2,513.4,238.1,691.4,430.3,602.4,334.2,192.2,0.000,GREEN
602,2,514.1,238.2,691.3,430.3,602.7,334.2,192.1,0.000,GREEN
603,2,511.0,238.9,698.9,429.4,605.0,334.2,190.5,0.000,GREEN
604,2,514.6,245.8,706.7,429.5,610.7,337.7,183.7,0.000,GREEN
605,1,564.5,246.0,717.3,391.4,640.9,318.7,145.4,0.000,GREEN
606,1,643.3,252.6,768.0,396.4,705.7,324.5,143.8,0.000,GREEN
607,1,643.4,252.6,768.0,396.3,705.7,324.5,143.7,0.000,GREEN
608,1,656.2,257.1,768.0,398.1,712.1,327.6,141.0,0.000,GREEN
609,2,546.0,255.8,736.2,416.8,641.1,336.3,161.0,0.000,GREEN
610,2,562.0,256.6,767.7,422.8,664.9,339.7,166.2,0.000,GREEN
611,2,565.8,258.0,766.6,425.9,666.2,342.0,167.8,0.000,GREEN
612,2,565.6,258.0,766.7,425.9,666.2,342.0,167.9,0.000,GREEN
613,2,564.2,261.8,766.8,429.7,665.5,345.8,167.9,0.000,GREEN
615,1,691.3,267.1,768.0,429.6,729.7,348.3,162.6,0.000,GREEN
618,1,706.0,267.3,768.0,431.2,737.0,349.3,163.9,0.000,GREEN
619,2,624.5,271.4,768.0,426.9,696.2,349.1,155.6,0.000,GREEN
620,2,632.2,270.1,767.6,425.2,699.9,347.7,155.0,0.000,GREEN
