instruction,input,output
What is the relationship between data quality and a language model's performance?,,"Data quality is the primary determinant of a language model's performance. When the dataset contains accurate, relevant, and well‑structured information, the model learns patterns that translate into reliable predictions and useful outputs. Conversely, if the data are noisy, inaccurate, or misaligned with the intended tasks, the model inherits those deficiencies, resulting in poor performance regardless of how sophisticated the architecture is or how many GPUs are deployed. The direct link between data quality and performance explains why models trained on high‑quality corpora consistently outperform those built on inferior material. This principle also extends to the model's emergent characteristics: the personality, skills, and blind spots that appear during inference are all derived from the training data, meaning that low‑quality inputs produce limited abilities and pronounced gaps. Moreover, a refined dataset, produced through data engineering, elevates data quality by converting raw, messy material into a form that the model can exploit efficiently. In sum, the chain from data quality through refined datasets to model behavior demonstrates that without good data, even the most advanced computational resources cannot deliver a successful model."
How does training on poor data affect computational resources such as GPUs?,,"Training on poor data consumes computational resources without yielding meaningful improvements, effectively turning valuable GPU cycles into heat generators. The process of feeding large volumes of low‑quality text, code, or conversation data into a model forces the hardware to perform extensive calculations, yet the resulting model internalizes flawed patterns that do not enhance performance. This waste manifests as electricity usage and hardware wear while the model fails to acquire useful knowledge, because the data do not provide the signal needed for learning. Consequently, organizations incur costs for GPU time, power, and cooling without gaining a functional model, undermining the return on investment. Data engineering can mitigate this inefficiency by filtering out irrelevant or noisy inputs before training, thereby ensuring that the remaining dataset possesses sufficient quality to justify the computational expense. By transforming raw material into a refined dataset, data engineering aligns the computational effort with the potential for model improvement, preventing the scenario where GPUs merely heat up while producing a subpar system."
"Why does a language model's personality, skills, and blind spots derive from its training data?",,"A language model internalizes patterns, facts, and stylistic cues present in the data it processes, which directly shapes its observable behavior. The personality that emerges—whether formal, casual, humorous, or technical—mirrors the tone and distribution of expressions found in the training corpus. Likewise, the skills the model exhibits, such as code generation or answering factual questions, correspond to the domains and task formats represented in the data. Blind spots appear where the dataset lacks coverage; the model has no basis to infer reliable answers about underrepresented topics, leading to systematic gaps. Because the model does not possess external knowledge beyond what it has seen, every attribute of its output can be traced back to the corpus that provided the learning signal. This dependence underscores the importance of curating a balanced, comprehensive dataset: only by supplying diverse and accurate examples can developers steer the model toward a desired personality, equip it with the intended competencies, and minimize undesirable blind spots. Data engineering plays a crucial role by converting raw, messy inputs into a refined dataset that faithfully reflects the intended characteristics, thereby directly influencing the model's emergent traits."
List the key transformations that data engineering performs to prepare raw material for a language model.,,"Data engineering applies a series of transformations to raw, messy material in order to produce a refined dataset suitable for model training. First, it collects heterogeneous sources such as raw text, source code, and conversational logs, ensuring that the full scope of intended content is captured. Second, it cleans the collected material by removing duplicates, correcting formatting errors, and filtering out irrelevant or harmful entries, thereby improving overall data quality. Third, it normalizes the content, standardizing tokenization, encoding, and language conventions so that the model can process inputs consistently. Fourth, it augments the dataset when needed, balancing underrepresented topics to reduce blind spots and broaden the model's skill set. Fifth, it partitions the refined data into training, validation, and test subsets, enabling effective monitoring of model performance without contamination. Finally, it documents the provenance and preprocessing steps, providing transparency for future audits and reproducibility. Each of these steps contributes to converting raw, unstructured inputs into a high‑quality, structured corpus that empowers the language model to function effectively and achieve reliable performance."
Compare the outcomes of training a language model with high‑quality data versus low‑quality data.,,"Training a language model with high‑quality data yields a system that performs well, exhibits a coherent personality, and possesses the intended skills, while also minimizing blind spots. The refined dataset, produced through data engineering, supplies clear, accurate signals that the model can learn, leading to efficient use of GPU resources and a favorable return on computational investment. In contrast, training with low‑quality data generates a model that performs poorly, displays an inconsistent or undesired personality, and suffers from pronounced blind spots due to missing or noisy information. The computational effort expended on such training mainly heats expensive hardware without creating a useful product, demonstrating a waste of resources. High‑quality data also enables the model to function effectively across diverse tasks because the underlying patterns are representative and well‑structured. Low‑quality data, however, propagates errors and ambiguities, causing the model to produce unreliable outputs and limiting its applicability. Therefore, the primary distinction lies in the alignment between data quality and model utility: good data translates into strong performance and efficient resource use, whereas bad data results in a weak model and squandered computational power."
Explain how data engineering helps prevent wasted GPU resources during model training.,,"Data engineering safeguards GPU resources by ensuring that only high‑quality, relevant material reaches the training pipeline. The process begins with the systematic collection of raw inputs such as text, code, and conversation logs, followed by rigorous cleaning that eliminates duplicates, noise, and invalid entries. By filtering out these wasteful components early, the dataset becomes more compact and informative, reducing the number of unnecessary computation cycles. Normalization and standardization steps further align the data format, allowing the model to process each token efficiently without extra overhead for handling irregularities. When the refined dataset is balanced and comprehensive, the model learns effectively in fewer epochs, meaning that the GPUs spend less time looping over insufficient or misleading examples. Consequently, the training process consumes less electricity, generates less heat, and preserves hardware lifespan, because the computational work directly contributes to model improvement rather than merely warming the machinery. Data engineering thus transforms raw, messy material into a curated corpus that maximizes the informational yield per GPU operation, turning potential waste into productive training effort."
True or false: Advanced model architecture can fully compensate for bad training data and still produce a good language model.,,"False. Even the most advanced architecture and extensive GPU resources cannot overcome the fundamental limitation that data quality determines a model's performance. Bad data leads to a bad model because the model's personality, skills, and blind spots are derived from the training data, and training on poor data wastes computational resources, effectively heating expensive hardware without producing a useful model. Therefore, superior architecture alone cannot compensate for deficient data, and a refined dataset produced by data engineering remains essential for achieving a good language model."
Define conversation data and explain why it is required when building a chatbot.,,"Conversation data consists of the textual exchanges that occur between participants in a dialogue. It provides the examples a chatbot observes during training, showing how questions are phrased, how answers are structured, and how turn‑taking is managed. By exposing the model to real conversational patterns, the data teaches the system to generate coherent responses that fit the flow of a discussion. Without conversation data, the model would lack any evidence of how language is used in interactive contexts, making it incapable of producing appropriate replies. The requirement is fundamental: a chatbot’s purpose is to communicate, and the only way to learn communication is from examples of communication. Consequently, conversation data serves as the cornerstone of the learning process, ensuring the model internalizes both content and the dynamics of dialogue."
What is tool‑use data and what role does it play in enabling a model to use external tools like a calculator or search engine?,,"Tool‑use data is a collection of examples that demonstrate a model invoking an external API and receiving the resulting output. Each example includes a prompt that triggers a tool call, the exact API request made, and the response returned by the tool. This data teaches the model the sequence of actions required to integrate external functionality: recognizing when a tool is needed, formatting the request correctly, and interpreting the result to continue generating an answer. By training on tool‑use data, the model learns to treat the tool as an extension of its reasoning capabilities, allowing it to offload calculations or information retrieval to specialized services. The presence of these examples bridges the gap between pure language prediction and actionable interfacing, making the model versatile enough to augment its answers with precise calculations or up‑to‑date information drawn from a search engine."
Explain how single‑turn data differs from multi‑turn data and what each type teaches a model.,,"Single‑turn data comprises one question followed by one answer, presenting a self‑contained exchange. It teaches a model to map an isolated query directly to an appropriate response, focusing on factual correctness and concise formulation. Multi‑turn data, in contrast, consists of a series of back‑and‑forth exchanges, capturing the evolving context of a conversation. This format trains the model to maintain state, reference earlier statements, handle follow‑up questions, and manage clarification or correction steps. While single‑turn examples build foundational question‑answer mapping, multi‑turn examples develop the ability to track dialogue history, resolve ambiguities across turns, and produce consistent, coherent interactions over longer sessions. Both are essential: single‑turn data supplies the basic response skill, and multi‑turn data extends that skill into the dynamic setting of real conversations."
List the sources from which raw training data can be obtained.,,"Raw training data can be sourced from four primary domains: web crawls, which harvest publicly available webpages; code repositories, which provide examples of programming language usage; books, which contribute structured prose and narrative content; and transcripts, which capture spoken language from interviews, lectures, or media. These sources together form a broad and varied corpus, offering the token volume needed for large‑scale language model training."
Explain why the raw data mix is described as messy but still serves as the initial material for training.,,"The raw data mix is described as messy because it aggregates content from diverse origins—web crawls, code repositories, books, and transcripts—each with different formats, quality levels, and domains. This heterogeneity leads to inconsistent structure, duplicate information, and varying degrees of relevance. Despite the lack of uniformity, the mixture provides the massive token counts required for the early stages of model development. The sheer volume of varied language patterns, factual statements, and stylistic forms supplies the foundational exposure a model needs to learn general linguistic representations. Consequently, even though the data is uncurated and noisy, it functions as the essential initial material that fuels the broad learning phase before more selective curation occurs in later training stages."
Compare the data requirements for pre‑training versus fine‑tuning phases of model development.,,"Pre‑training demands massive token counts, meaning it relies on a huge quantity of raw textual material drawn from web crawls, code repositories, books, and transcripts. The goal is to expose the model to a wide variety of language patterns, allowing it to learn general linguistic structures and world knowledge. In contrast, fine‑tuning requires highly curated examples, where each instance is carefully selected for relevance, quality, and instructional value. Fine‑tuning data often includes conversation data, tool‑use data, and other task‑specific formats that illustrate the desired behavior. While pre‑training focuses on breadth and scale, fine‑tuning emphasizes precision and alignment with specific objectives, such as accurate tool invocation or coherent multi‑turn dialogue. Both phases are necessary: the broad token exposure builds foundational capabilities, and the curated fine‑tuning refines those capabilities to meet targeted performance criteria."
Why are highly curated examples required for the fine‑tuning phase?,,"Highly curated examples are required for fine‑tuning because this phase aims to shape the model’s behavior toward specific, high‑quality outcomes. Curated data ensures that each example demonstrates the exact pattern the model should emulate, such as proper tool invocation, coherent multi‑turn interaction, or precise answer formulation. By presenting only well‑structured, error‑free instances, the model receives clear signals about the desired response style and content, reducing the risk of learning undesirable patterns that may be present in the messier raw data. The focused nature of curated examples accelerates alignment with particular tasks, making the model more reliable and consistent when deployed. Hence, rigorous selection and editing of fine‑tuning data are essential to translate the general knowledge acquired during pre‑training into specialized, dependable performance."
True or false: Multi‑turn data is unnecessary for building a functional chatbot.,,"False. Multi‑turn data teaches a model to handle back‑and‑forth conversations, which are intrinsic to most chatbot interactions. Without exposure to multi‑turn exchanges, a model would lack the ability to maintain context across turns, manage follow‑up questions, and provide coherent dialogue over extended interactions. Therefore, multi‑turn data is necessary for building a functional chatbot."
How does tool‑use data enable a model to call an API and incorporate the result into its answer?,,"Tool‑use data provides concrete examples where a model issues an API call, receives a result, and then uses that result to formulate a final response. Each training instance shows the model the trigger phrase that signals a tool is needed, the exact request syntax, and the format of the returned data. By iterating over many such examples, the model learns to recognize situations that require external assistance, generate the correct API invocation, parse the returned information, and seamlessly embed it within its answer. This process transforms the model from a pure text generator into an agent capable of augmenting its reasoning with external computations or up‑to‑date search results, thereby increasing accuracy and usefulness in tasks that depend on precise calculations or current knowledge."
Define data processing and explain why it is necessary for raw text datasets.,,"Data processing is the systematic procedure of fixing junk in raw data. Raw text frequently includes duplicate documents, HTML tags, private information (PII), toxic content, and near‑identical copies that cause models to memorize rather than learn. By applying data processing, these undesirable elements are removed or transformed, allowing a model to focus on meaningful linguistic patterns instead of memorizing repetitive or irrelevant material. The process strips formatting junk, trailing spaces, and invisible characters, which, if left unchecked, would act as static noise and confuse the learning algorithm. Moreover, data processing protects privacy by eliminating PII and reduces the risk of toxic outputs by discarding harmful content. Consequently, the cleaned dataset supports more efficient training, better generalization, and a safer deployment of language models. In sum, data processing turns noisy, unstructured raw data into a refined corpus that preserves valuable information while discarding the junk that would otherwise impair model performance."
List the typical steps in a data‑processing pipeline that remove junk from text.,,"A typical data‑processing pipeline follows several sequential steps to cleanse raw text. First, it strips formatting junk such as HTML tags and other markup, thereby eliminating structural clutter that does not convey semantic meaning. Second, it removes trailing spaces and invisible characters, which can introduce unintended token boundaries and confuse downstream tokenizers. Third, the pipeline applies deduplication, starting with exact deduplication to discard identical copies of documents that would otherwise cause the model to memorize repetitive content. Fourth, fuzzy deduplication is performed, often using MinHashLSH, to detect and remove documents that are almost the same, such as the same news article republished across multiple sites. Fifth, stray tokens—isolated symbols or fragments that serve as static noise—are identified and eliminated to prevent confusion during learning. Finally, the cleaning stage reviews the remaining text to ensure that useless bits have been eliminated while preserving valuable, rare information, thereby maintaining a balance between thorough cleaning and information retention. Each step builds upon the previous one to progressively refine the dataset, ensuring that the final corpus is both clean and informative."
Explain the difference between exact deduplication and fuzzy deduplication.,,"Exact deduplication and fuzzy deduplication are two distinct data‑processing steps aimed at removing redundant documents, but they differ in the criteria they use to identify duplicates. Exact deduplication removes identical copies of documents; it looks for byte‑for‑byte matches, ensuring that any document that is precisely the same as another is eliminated. This approach is straightforward and effective when duplicates are perfect replicas, such as multiple uploads of the same file. In contrast, fuzzy deduplication identifies documents that are almost the same, not requiring an exact match. It detects near‑identical copies, such as a news article reproduced on different websites with minor editorial changes or formatting variations. To achieve this, fuzzy deduplication employs similarity‑detecting techniques, most commonly MinHashLSH, which can capture the degree of overlap between documents without demanding exact equality. While exact deduplication swiftly removes perfect duplicates, fuzzy deduplication is essential for cleaning large, heterogeneous corpora where near‑duplicate content can still cause models to memorize rather than learn. Both steps together ensure that the dataset is free from redundant material, improving model efficiency and generalization."
How does MinHashLSH facilitate fuzzy deduplication in large text collections?,,"MinHashLSH facilitates fuzzy deduplication by providing a scalable method for estimating the similarity between documents without comparing each pair directly. The technique first generates MinHash signatures for each document, which are compact representations that preserve the Jaccard similarity of the underlying token sets. These signatures are then organized using Locality Sensitive Hashing (LSH), which groups together signatures that are likely to be similar. When two documents produce signatures that fall into the same LSH bucket, they are flagged as candidates for fuzzy duplication because their token sets share a high degree of overlap. This process allows the system to detect documents that are almost the same—such as the same news article appearing on multiple sites—while avoiding the computational cost of exhaustive pairwise comparisons. By focusing only on promising pairs, MinHashLSH efficiently identifies near‑identical content even in massive corpora, supporting the fuzzy deduplication step of data processing. The technique thereby reduces redundancy, prevents unnecessary memorization by language models, and helps preserve the diversity of unique information in the cleaned dataset."
Compare LSHBloom and MinHashLSH for deduplication on huge web‑scale datasets.,,"LSHBloom and MinHashLSH are both designed to support deduplication on massive datasets, yet they differ in architecture and memory usage. MinHashLSH creates compact MinHash signatures for each document and uses Locality Sensitive Hashing to group similar signatures, enabling fuzzy deduplication by estimating Jaccard similarity. While effective, MinHashLSH requires storing the signatures and hash tables, which can become memory‑intensive as the dataset grows to web scale. LSHBloom, on the other hand, combines LSH with a Bloom filter, a probabilistic data structure that records the presence of items using a fixed amount of memory. By leveraging the Bloom filter, LSHBloom can operate on huge web‑scale datasets without exhausting memory, sacrificing a small false‑positive rate for substantial space savings. Both methods aim to detect near‑duplicate documents, but LSHBloom’s memory‑efficient design makes it more suitable when resources are constrained, whereas MinHashLSH offers finer similarity estimates at the cost of higher memory consumption. In practice, a pipeline might employ MinHashLSH for moderate‑size collections where precise similarity is essential, and switch to LSHBloom when processing billions of webpages where memory efficiency is paramount."
"Why are stray tokens considered static noise, and how can they affect a model’s learning process?",,"Stray tokens are isolated symbols or fragments that do not contribute semantic meaning, acting as static noise within a text corpus. Because they appear irregularly and lack contextual relevance, stray tokens introduce meaningless patterns that a language model may inadvertently learn. When a model encounters such noise during training, it allocates capacity to model these irrelevant tokens, diverting attention from genuine linguistic structures. This misallocation can degrade the model’s ability to capture meaningful relationships, leading to poorer generalization on downstream tasks. Moreover, stray tokens can disrupt tokenization pipelines, causing inconsistent token boundaries and increasing the variability of the input space. By confusing the model’s learning process, stray tokens hinder efficient representation learning and can inflate the size of the vocabulary needlessly. Removing stray tokens during the data‑processing stage eliminates this static noise, allowing the model to focus on valuable linguistic patterns and rare information that truly matter for learning."
True or false: Fuzzy deduplication can remove duplicate documents that are not identical.,,"True. Fuzzy deduplication is specifically designed to detect and remove documents that are almost the same rather than requiring an exact match. It identifies near‑identical copies, such as the same news article reproduced across multiple sites with minor variations, and removes them to prevent redundancy."
"How does the cleaning stage balance the removal of useless junk while preserving valuable, rare information?",,"The cleaning stage operates with the dual goal of eliminating useless bits and retaining valuable, rare information. It begins by stripping formatting junk, trailing spaces, and invisible characters, which are universally recognized as non‑informative and thus safely removed. Next, it applies deduplication—both exact and fuzzy—to discard repetitive content that would cause models to memorize rather than learn, while using techniques like MinHashLSH to ensure that only near‑identical copies are eliminated, preserving unique variations. Stray tokens, which act as static noise, are also removed to prevent confusion during learning. Throughout these steps, the pipeline carefully monitors the content that remains, ensuring that rare but informative elements are not mistakenly classified as junk. By focusing on universal noise patterns and employing similarity‑aware deduplication, the cleaning stage filters out the bulk of irrelevant material while safeguarding the distinctive, low‑frequency data that enriches model understanding. This balanced approach yields a refined dataset that is both clean and rich in valuable information."
Define what a uniform structure for training data means and why it is required for model training.,,"A uniform structure for training data refers to a consistent and predictable arrangement of information in each example that the model will ingest during the training process. Uniformity means that every data point follows the same pattern of fields, delimiters, and ordering, such that the model can reliably locate the instruction, response, or any auxiliary elements without ambiguity. This requirement arises because neural language models learn statistical relationships across large corpora; any deviation from the expected layout forces the model to allocate capacity to interpret irregularities instead of focusing on the semantic content. When the structure is uniform, the model can efficiently map the position of an instruction to its corresponding response, reinforcing the intended mapping during gradient updates. Conversely, irregular formatting introduces noise that competes with the learning signal, leading to slower convergence or degraded performance. Uniform structure also simplifies preprocessing pipelines, allowing automated tokenization and batching without custom handling for outlier cases. In summary, a uniform structure is a foundational data‑quality principle that ensures the model receives clear, repeatable patterns, thereby maximizing learning efficiency and reducing wasted computational effort caused by inconsistent formatting."
How does instruction fine‑tuning differ from preference fine‑tuning in terms of required data format?,,"Instruction fine‑tuning and preference fine‑tuning employ distinct data formats that reflect their training objectives. Instruction fine‑tuning requires pairs composed of an instruction and a single response. Each example follows the (instruction, response) format, supplying the model with a direct mapping that it should learn to reproduce. In contrast, preference fine‑tuning relies on triples that include an instruction, a winning response, and a losing response. The (instruction, winning_response, losing_response) format provides comparative information, allowing the model to discern which answer aligns better with desired criteria. The presence of both winning and losing responses enables a preference model to learn a ranking or reward signal, rather than merely copying a single answer. Consequently, instruction fine‑tuning emphasizes exact reproduction of a target response, while preference fine‑tuning emphasizes relative quality assessment across alternatives. The differing formats also affect downstream steps: instruction fine‑tuning can be evaluated directly by checking response fidelity, whereas preference fine‑tuning often integrates a reward model that scores responses based on the comparative signal supplied in the triples. Thus, the core distinction lies in the number and role of responses attached to each instruction."
"Why is ensuring correct formatting considered a part of data quality, and what are the consequences of incorrect formatting?",,"Ensuring correct formatting is integral to data quality because the model's learning process depends on recognizing and exploiting consistent patterns. When formatting adheres to the expected layout—such as proper placement of colons, correct newline usage, and uniform delimiters—the model can swiftly parse each element (instruction, response, or triple) without expending resources on error correction. Incorrect formatting, exemplified by misplaced newlines or missing colons, disrupts this parsing. The model then misinterprets the boundaries between fields, leading to wasted computational effort as it attempts to reconstruct the intended pattern. This wasted effort reduces effective learning capacity, slows convergence, and can introduce spurious associations that degrade final performance. Moreover, inconsistent formatting hampers automated preprocessing pipelines, requiring additional cleaning steps that increase engineering overhead and risk further data loss. By treating formatting as a data‑quality metric, teams enforce a disciplined approach that preserves the signal‑to‑noise ratio, ensures that every token contributes meaningfully to the target behavior, and prevents the model from learning to accommodate malformed examples. In sum, correct formatting safeguards both computational efficiency and the integrity of the learned representations, while incorrect formatting undermines these goals through unnecessary interpretation work and potential model confusion."
"List the components required for instruction fine‑tuning and for preference fine‑tuning, and explain the role of each component.",,"Instruction fine‑tuning requires two components: (1) the instruction, which specifies the task or query the model should address, and (2) the response, which provides the correct answer or behavior the model must emulate. The instruction guides the model’s attention toward the intended context, while the response supplies the target output that the model learns to generate during supervised updates. Preference fine‑tuning requires three components: (1) the instruction, identical in purpose to that used in instruction fine‑tuning, (2) the winning response, which represents the preferred or higher‑quality answer, and (3) the losing response, which exemplifies a less desirable answer. The winning and losing responses together create a comparative signal; the model learns to assign higher probability or reward to the winning response when presented with the same instruction. This comparative structure enables the model to develop a sense of preference, rather than merely copying a single answer. In both settings, the instruction anchors the learning context, while the response elements supply the performance target—either a single correct output or a ranking between two alternatives. The distinct component sets align with the differing objectives: direct imitation for instruction fine‑tuning versus preference‑based ranking for preference fine‑tuning."
Explain how building a reward model may involve scoring each response and how this relates to preference fine‑tuning.,,"Building a reward model typically involves assigning a numerical score to each response generated for a given instruction. The scoring process quantifies the desirability of an answer based on criteria such as relevance, correctness, or alignment with human preferences. In the context of preference fine‑tuning, the reward model uses the (instruction, winning_response, losing_response) triples as training data. For each triple, the model learns to give a higher score to the winning response than to the losing response. By repeatedly adjusting its parameters to increase the score gap, the reward model internalizes the comparative judgments embedded in the triples. Once trained, the reward model can evaluate any new response by producing a scalar value that reflects its estimated quality. This score can then guide reinforcement learning or further fine‑tuning steps, where the language model is optimized to maximize the expected reward. Thus, scoring each response is the core mechanism that translates the qualitative preference information from the triples into a quantitative signal, enabling systematic improvement of the language model’s output according to the preferences encoded in the training data."
"True or false: Preference fine‑tuning can be performed using only (instruction, response) pairs.",,"False. Preference fine‑tuning specifically requires triples that contain an instruction together with both a winning response and a losing response. The format (instruction, winning_response, losing_response) provides the comparative information necessary for the model to learn which of two answers is preferred. Using only (instruction, response) pairs would supply a single answer per instruction, which aligns with the data requirements of instruction fine‑tuning, not preference fine‑tuning. Therefore, the statement that preference fine‑tuning can be performed with only (instruction, response) pairs contradicts the defined data format for that training paradigm."
Compare the impact of misplaced newlines versus missing colons on a model's ability to interpret training examples.,,"Misplaced newlines and missing colons both constitute formatting errors, yet they affect model interpretation in subtly different ways. A misplaced newline disrupts the line‑based segmentation of fields. When the model expects a newline to separate the instruction from the response, an extra or omitted newline can cause the instruction and response to merge or split incorrectly, making it ambiguous where one component ends and the next begins. This ambiguity forces the model to expend additional computation to infer boundaries, often leading to misassigned tokens and reduced learning efficiency. Missing colons, on the other hand, eliminate a clear delimiter that signals the start of a new field, such as the transition from ""Instruction:"" to the actual instruction text. Without the colon, the model may treat the label and content as a single token sequence, obscuring the structural cue that differentiates metadata from content. Both errors cause the model to waste effort interpreting broken patterns, but misplaced newlines primarily interfere with vertical (line‑based) separation, while missing colons disrupt horizontal (character‑based) delimitation. In practice, either error degrades data quality, yet the specific parsing difficulty differs: newlines affect line breaks, whereas colons affect token‑level field identification."
Define the six dimensions of quality for fine‑tuning data according to Chip Huyen’s book and explain why each dimension matters.,,"Chip Huyen’s book outlines six distinct dimensions of quality for fine‑tuning data, treating each dimension as a separate axis that contributes to overall dataset effectiveness. The first dimension concerns the correctness of the content, ensuring that every example reflects accurate information. The second dimension addresses relevance, meaning the data must directly support the target tasks the model will perform. The third dimension focuses on diversity, requiring a range of phrasing, topics, and contexts so the model does not over‑fit to a narrow style. The fourth dimension involves clarity, where examples are free of ambiguity and clearly communicate intent. The fifth dimension is consistency, guaranteeing that labeling and formatting follow a uniform standard throughout the set. The sixth dimension emphasizes completeness, making sure that the data collectively covers the full spectrum of situations the model may encounter. By evaluating each fine‑tuning example against these six criteria, practitioners can systematically gauge whether the data will help the model generalize, avoid brittleness, and produce reliable outputs across varied inputs. Neglecting any single dimension can create gaps that undermine the model’s performance, while strengthening all six creates a robust foundation for high‑quality model behavior."
Compare the findings of the LIMA paper with those of the Yi model team regarding the relationship between data quantity and data quality.,,"The LIMA paper demonstrated that a modest set of 1,000 carefully chosen examples was enough to make a 65‑billion‑parameter model generate answers preferred over GPT‑4 nearly half the time, highlighting the power of extremely high‑quality, curated data. In contrast, the Yi model team reported that 10,000 clean instructions—still a relatively small number—outperformed hundreds of thousands of sloppy examples, reinforcing the principle that clean, well‑structured data can outweigh sheer volume. Both studies converge on the insight that data quality can dominate quantity: the LIMA result shows that one thousand premium examples can rival a far larger, less refined corpus, while the Yi result quantifies a ten‑fold advantage of clean instructions over a massive pool of noisy ones. Together, these findings challenge the assumption that larger datasets automatically produce better models; instead, they suggest that strategic selection and purification of examples yield disproportionately strong performance gains. The evidence from both works underlines the practical advantage of investing effort in curating high‑quality data rather than merely amassing vast but noisy collections."
Explain why fewer high‑quality examples can be more effective than many low‑quality ones.,,"Fewer high‑quality examples can be more effective than many low‑quality ones because they provide clear, accurate signals that guide the model toward the desired behavior without introducing confusion. High‑quality data ensures correctness, relevance, and consistency, allowing the model to internalize reliable patterns during training. When low‑quality data dominates, the model encounters contradictory or ambiguous signals, which can dilute learned representations and lead to brittleness. The LIMA paper’s result—1,000 carefully chosen examples outperforming far larger noisy sets—illustrates that a small, curated collection can produce answers preferred over GPT‑4 nearly half the time. Similarly, the Yi model team found that 10,000 clean instructions beat hundreds of thousands of sloppy ones, confirming that clean, well‑structured data outweighs sheer quantity. These observations reinforce the broader principle that “fewer high‑quality examples can be more effective than many low‑quality ones,” because quality alone shapes the internal language representations more decisively than volume. By focusing on meticulous curation, practitioners reduce the risk of the model learning undesirable patterns, thereby achieving stronger performance with less data."
Define data coverage and describe how it should be balanced with data quality when constructing a training set.,,"Data coverage refers to ensuring that a training set contains a representative mix of examples that span the range of situations a model may encounter. Coverage means the dataset reflects both common and rare cases, allowing the model to handle typical inputs and edge‑case scenarios alike. Quality alone is insufficient; a dataset must also cover many situations, or the model will fail on slightly unusual inputs. To balance coverage with quality, practitioners allocate examples proportionally to real‑world frequencies: if 80 % of customer questions involve shipping, roughly 80 % of the training data should address shipping, maintaining relevance to the dominant use case. At the same time, the remaining 20 % should be devoted to rare, difficult cases such as dialects, contradictory queries, typos, and emojis, which constitute the “long tail.” These rare examples, though infrequent, are essential for robustness because they expose the model to diverse language patterns. By combining high‑quality examples across both high‑frequency and low‑frequency domains, the training set achieves comprehensive coverage while preserving the clarity and correctness that high‑quality data provides. This synergy ensures the model does not become brittle on unusual inputs and can generalize effectively across the full spectrum of user queries."
"What does the term “long tail” refer to in the context of training data, and why is it important to include long‑tail examples?",,"In the context of training data, the “long tail” refers to rare, difficult cases that occur infrequently in real‑world usage. These cases include dialectal variations, contradictory queries, typographical errors, and emojis—situations that lie far from the high‑frequency core of user inputs. Although each individual long‑tail example appears seldom, the aggregate of these rare events can represent a significant portion of the diversity a model must handle. Including long‑tail examples is important because quality alone does not guarantee robustness; without coverage of these infrequent scenarios, the model can fail on slightly unusual inputs. Adequate coverage of the long tail makes a model robust instead of brittle, ensuring it can gracefully process unexpected or unconventional language. Moreover, when the training set mirrors the distribution of real‑world queries—including both dominant categories like shipping and the long‑tail spectrum—the model learns to generalize across the full range of inputs. Thus, long‑tail inclusion is a critical complement to high‑quality, high‑frequency data, jointly delivering a balanced dataset that prepares the model for both common and edge‑case interactions."
Explain the purpose of Feature Activation Coverage and how it contributes to dataset diversity.,,"Feature Activation Coverage is a technique that measures diversity in the model’s internal language representations. By tracking which internal features become active across different training examples, practitioners can assess whether the dataset exercises a broad set of linguistic patterns and concepts. When feature activation is spread widely, the model experiences varied internal states, indicating that the data covers diverse contexts, topics, and linguistic forms. This measurement helps identify gaps where certain features remain dormant, signaling under‑represented aspects of language that could lead to brittleness if left unaddressed. By using Feature Activation Coverage, data curators can intentionally add examples that stimulate missing features, thereby enriching the dataset’s diversity. This process aligns with the broader principle that adequate coverage—both in terms of external scenarios and internal representation diversity—makes a model robust. In summary, Feature Activation Coverage provides a quantitative lens on how well the training data activates the model’s internal mechanisms, guiding the inclusion of high‑quality examples that broaden internal coverage and enhance overall model performance."
Describe combinatorial coverage and its role in identifying missing combinations of attributes in a dataset.,,"Combinatorial coverage is a technique that helps identify missing combinations of attributes in the data. It works by enumerating the possible intersections of different attribute values—such as topic, language style, punctuation, or user intent—and checking whether the training set contains examples for each intersection. If a particular combination, for instance a shipping‑related query phrased with emojis and containing a typo, is absent, combinatorial coverage flags this gap. By surfacing missing attribute combinations, the technique guides data engineers to augment the dataset with targeted examples that fill the void, thereby improving overall coverage. This systematic approach complements other coverage strategies, such as ensuring the proportion of shipping queries matches real‑world frequencies and adding rare, difficult cases that constitute the long tail. When combinatorial coverage is applied alongside Feature Activation Coverage, the dataset gains both external diversity (across attribute combinations) and internal diversity (across model representations). The result is a more robust training set that reduces brittleness and equips the model to handle a broader array of inputs."
True or false: A model trained only on high‑frequency shipping queries will reliably handle dialectal queries that contain emojis.,,"False. Training a model solely on high‑frequency shipping queries provides strong coverage for common customer concerns but neglects the rare, difficult cases that form the long tail, such as dialectal variations, contradictory queries, typographical errors, and emojis. Quality alone is insufficient; a dataset must also cover many situations, or the model will fail on slightly unusual inputs. Without examples that include dialects and emojis, the model will lack exposure to the internal language representations needed to process those forms, leading to brittleness. Adequate coverage that incorporates both dominant categories and long‑tail cases is required for robustness, ensuring the model can handle both typical shipping queries and atypical dialectal queries with emojis."
Why is adequate coverage essential for turning a model from brittle to robust?,,"Adequate coverage is essential for turning a model from brittle to robust because it ensures the training set reflects the full spectrum of inputs the model may encounter. When coverage is limited to high‑frequency scenarios, the model learns strong patterns for those cases but remains unexposed to rare or unusual inputs, making it brittle—susceptible to errors on slightly atypical queries. By including a representative mix of examples, including both common situations (e.g., 80 % shipping questions) and long‑tail cases such as dialects, contradictory queries, typos, and emojis, the model experiences a wider range of linguistic patterns during training. This exposure trains internal language representations to handle variability, as measured by techniques like Feature Activation Coverage, and helps identify missing attribute combinations through combinatorial coverage. The result is a model that maintains performance across diverse inputs rather than collapsing when faced with edge cases. In essence, adequate coverage transforms a narrow, over‑fitted system into a flexible, generalizable one, embedding robustness directly into the data foundation."
"Summarize how the principles of quality, coverage, and specialized techniques like Feature Activation Coverage and combinatorial coverage together create a robust fine‑tuning dataset.",,"Creating a robust fine‑tuning dataset requires intertwining three core principles: quality, coverage, and specialized measurement techniques. Quality, as emphasized by the LIMA paper and the Yi model team, means selecting clean, well‑structured examples that convey correct information, relevance, and consistency; a small set of high‑quality data can outperform vastly larger, noisy collections. Coverage expands beyond quality by ensuring the dataset represents the full distribution of real‑world inputs: proportionally reflecting dominant topics (e.g., 80 % shipping questions) while also embedding rare, difficult cases—the long tail—such as dialects, contradictory queries, typos, and emojis. Without coverage, even perfect quality leaves the model brittle on unusual inputs. Feature Activation Coverage quantifies internal diversity by tracking which language representations fire across examples, revealing under‑represented internal states that need enrichment. Combinatorial coverage complements this by systematically checking that all attribute intersections (topic, style, punctuation, intent) appear in the data, pinpointing absent combinations. Together, high‑quality examples supply clear learning signals, comprehensive coverage supplies the breadth of scenarios, and the two coverage techniques provide diagnostic feedback to fill gaps. This integrated approach ensures the model internalizes both accurate patterns and diverse representations, resulting in a robust system that performs reliably across common and long‑tail queries."
